source,title,summary,url,url_canonical,url_replicable,published_at,label_raw,label,content_hash,content_len
La Silla Vacía,Hágase SuperAmigo,,https://www.lasillavacia.com/superamigos/,https://www.lasillavacia.com/superamigos/,https://www.lasillavacia.com/superamigos/?h=3f6ab27df0a94617&src=tesis&v=1,,,,3f6ab27df0a946171748d3ec2b23a8ba76c874ca3492f9f6fdf2409f0e450675,0
La Silla Vacía,Iniciar sesión,,#,https://www.lasillavacia.com/hoy/,https://www.lasillavacia.com/hoy/?h=2297c9fae4e86186&src=tesis&v=1,,,,2297c9fae4e86186c1dc6c85b0c395a9b064d4e7a3106cc6ed08072b0b5cd5d7,0
La Silla Vacía,Historias,,https://www.lasillavacia.com/silla-nacional/,https://www.lasillavacia.com/silla-nacional/,https://www.lasillavacia.com/silla-nacional/?h=fb86e5295757d837&src=tesis&v=1,,,,fb86e5295757d8377d4411044db5dd8bae4642da8e160283d351799a94dc737b,0
La Silla Vacía,Antioquia,,https://www.lasillavacia.com/silla-nacional/antioquia,https://www.lasillavacia.com/silla-nacional/antioquia,https://www.lasillavacia.com/silla-nacional/antioquia?h=e397333c60723e3a&src=tesis&v=1,,,,e397333c60723e3ac714f3d031dc39eeee5e4f0a7049df5a8de946fc9739f1ea,0
La Silla Vacía,Quién es Quién,,https://www.lasillavacia.com/category/quien-es-quien/,https://www.lasillavacia.com/category/quien-es-quien/,https://www.lasillavacia.com/category/quien-es-quien/?h=d40ad9340ccb0341&src=tesis&v=1,,,,d40ad9340ccb034129ddb993f65cbfb76c2fd8060c64cabded8d59abbfab3b6f,0
La Silla Vacía,Congreso 2022 – 2026,,https://www.lasillavacia.com/especiales/quien-es-quien-en-el-congreso-2022-2026/,https://www.lasillavacia.com/especiales/quien-es-quien-en-el-congreso-2022-2026/,https://www.lasillavacia.com/especiales/quien-es-quien-en-el-congreso-2022-2026/?h=b264622062c42a3a&src=tesis&v=1,,,,b264622062c42a3ae2d681d99299baa339ac347e1115c457eaef1d63270b9559,0
La Silla Vacía,Detector de Mentiras,,https://www.lasillavacia.com/detector-de-mentiras/,https://www.lasillavacia.com/detector-de-mentiras/,https://www.lasillavacia.com/detector-de-mentiras/?h=7646bc402ea9388c&src=tesis&v=1,,,,7646bc402ea9388c6266ee209c981ca70b1ad3b1c8cefa94a974d3b580debad7,0
La Silla Vacía,Silla Amazonía,,https://www.lasillavacia.com/silla-amazonia,https://www.lasillavacia.com/silla-amazonia,https://www.lasillavacia.com/silla-amazonia?h=6e435078eca8d59b&src=tesis&v=1,,,,6e435078eca8d59bbc8806f8fd7d1f1745f7828a0b677eba7e867ebca653bac3,0
La Silla Vacía,Silla Académica,,https://www.lasillavacia.com/silla-academica/,https://www.lasillavacia.com/silla-academica/,https://www.lasillavacia.com/silla-academica/?h=c897a2a18f5ed190&src=tesis&v=1,,,,c897a2a18f5ed190da0b7a6b7eff49487f1be8b88d22353e69263649ebc7e9b0,0
La Silla Vacía,Red de Expertos,,https://www.lasillavacia.com/red-de-expertos/,https://www.lasillavacia.com/red-de-expertos/,https://www.lasillavacia.com/red-de-expertos/?h=ff379f3139140488&src=tesis&v=1,,,,ff379f31391404886b682cdfd33ebf730706acd69dd1671d33ed4493ffe6eaa3,0
La Silla Vacía,Red de la Paz,,https://www.lasillavacia.com/red-de-expertos/red-de-la-paz/,https://www.lasillavacia.com/red-de-expertos/red-de-la-paz/,https://www.lasillavacia.com/red-de-expertos/red-de-la-paz/?h=d14deb3ac4f6b414&src=tesis&v=1,,,,d14deb3ac4f6b4146db0e6dede07f2f2e3146d563fddb42baf44b9c5843fa363,0
La Silla Vacía,Red Rural,,https://www.lasillavacia.com/red-de-expertos/red-rural/,https://www.lasillavacia.com/red-de-expertos/red-rural/,https://www.lasillavacia.com/red-de-expertos/red-rural/?h=a9b4fbc6ea7144ca&src=tesis&v=1,,,,a9b4fbc6ea7144cacca8909d24abb8baa519aec96fdb1c8c18a0cf4e1b0f1449,0
La Silla Vacía,Red Verde,,https://www.lasillavacia.com/red-de-expertos/red-verde/,https://www.lasillavacia.com/red-de-expertos/red-verde/,https://www.lasillavacia.com/red-de-expertos/red-verde/?h=80e9dad420e8a6cb&src=tesis&v=1,,,,80e9dad420e8a6cb58ce16cf1bbee43d03a0cbf22bc223ec98278330b2b1fc9e,0
La Silla Vacía,Red Étnica,,https://www.lasillavacia.com/red-de-expertos/red-etnica/,https://www.lasillavacia.com/red-de-expertos/red-etnica/,https://www.lasillavacia.com/red-de-expertos/red-etnica/?h=55b2d5ca089da691&src=tesis&v=1,,,,55b2d5ca089da691b6e73fee7cf7aab697d077a72420372a02d0a2d4fde24df7,0
La Silla Vacía,Red de Derecho Constitucional,,https://www.lasillavacia.com/red-de-derecho-constitucional/,https://www.lasillavacia.com/red-de-derecho-constitucional/,https://www.lasillavacia.com/red-de-derecho-constitucional/?h=67fb2860f5152f19&src=tesis&v=1,,,,67fb2860f5152f199f34f5ffea8134d49b35e71bd2510eb180984fda4f1d6f32,0
La Silla Vacía,Red de Venezuela,,https://www.lasillavacia.com/red-de-expertos/red-de-venezuela/,https://www.lasillavacia.com/red-de-expertos/red-de-venezuela/,https://www.lasillavacia.com/red-de-expertos/red-de-venezuela/?h=2ddcc87c58323d82&src=tesis&v=1,,,,2ddcc87c58323d8208a770101d52bf4ba8a4235897ded470e7cfc7a8f85057d1,0
La Silla Vacía,Red Social,,https://www.lasillavacia.com/red-de-expertos/red-social/,https://www.lasillavacia.com/red-de-expertos/red-social/,https://www.lasillavacia.com/red-de-expertos/red-social/?h=cf85f2d30be7ef34&src=tesis&v=1,,,,cf85f2d30be7ef34433ed9d28f53255cf54ad6be388265529fb57528caf29696,0
La Silla Vacía,Red de Democracia y Tecnología,,https://www.lasillavacia.com/red-de-expertos/red-de-democracia-y-tecnologia/,https://www.lasillavacia.com/red-de-expertos/red-de-democracia-y-tecnologia/,https://www.lasillavacia.com/red-de-expertos/red-de-democracia-y-tecnologia/?h=117c9974bf8c85a4&src=tesis&v=1,,,,117c9974bf8c85a4c7d018bd6746b2e31464c0dfa835da7729cdfd4fb1327971,0
La Silla Vacía,Red de las Mujeres,,https://www.lasillavacia.com/red-de-expertos/red-de-las-mujeres/,https://www.lasillavacia.com/red-de-expertos/red-de-las-mujeres/,https://www.lasillavacia.com/red-de-expertos/red-de-las-mujeres/?h=9bf5a007a0e0f93b&src=tesis&v=1,,,,9bf5a007a0e0f93bfb7fce0a1f269edf86a1d9bd5a20090bed6da1b1b702f6d1,0
La Silla Vacía,Red de la Educación,,https://www.lasillavacia.com/red-de-expertos/red-de-la-educacion/,https://www.lasillavacia.com/red-de-expertos/red-de-la-educacion/,https://www.lasillavacia.com/red-de-expertos/red-de-la-educacion/?h=034e645e7329d72c&src=tesis&v=1,,,,034e645e7329d72c83a86c488c31d8d2a1e0e46b9ccbfd7daef6ee0bd7a3d3c7,0
La Silla Vacía,Red Cachaca,,https://www.lasillavacia.com/red-de-expertos/red-cachaca/,https://www.lasillavacia.com/red-de-expertos/red-cachaca/,https://www.lasillavacia.com/red-de-expertos/red-cachaca/?h=91d729d8e77e7007&src=tesis&v=1,,,,91d729d8e77e70076870fc1fa3b45e85f5dabe8706cdda71134799a564a3038a,0
La Silla Vacía,Red de Ciencia e Innovación,,https://www.lasillavacia.com/red-de-expertos/red-de-ciencia-e-innovacion/,https://www.lasillavacia.com/red-de-expertos/red-de-ciencia-e-innovacion/,https://www.lasillavacia.com/red-de-expertos/red-de-ciencia-e-innovacion/?h=0d1506244e7ff248&src=tesis&v=1,,,,0d1506244e7ff248634bf27dd6b823e6cc9a2b453bcf0041ebe3eec49d60712f,0
La Silla Vacía,Pódcasts,,https://www.lasillavacia.com/podcasts/,https://www.lasillavacia.com/podcasts/,https://www.lasillavacia.com/podcasts/?h=31b49f224784575f&src=tesis&v=1,,,,31b49f224784575f4a466f8301b66bb647f103c0dd608731701bf9be107e1d83,0
La Silla Vacía,Huevos revueltos con política,,https://www.lasillavacia.com/category/podcasts/huevos-revueltos-con-politica/,https://www.lasillavacia.com/category/podcasts/huevos-revueltos-con-politica/,https://www.lasillavacia.com/category/podcasts/huevos-revueltos-con-politica/?h=d86f3624cac9d3c1&src=tesis&v=1,,,,d86f3624cac9d3c18df8fcf49e4b733dd0b25f126675db545a0d1ace8f21125c,0
La Silla Vacía,Ausencias,,https://www.lasillavacia.com/category/podcasts/ausencias/,https://www.lasillavacia.com/category/podcasts/ausencias/,https://www.lasillavacia.com/category/podcasts/ausencias/?h=fd18a0659dc3f69c&src=tesis&v=1,,,,fd18a0659dc3f69cd38d4489d24f74a011dc2beb99813c4dfe7dcf41a51a41e5,0
La Silla Vacía,El Futuro del Futuro,,https://www.lasillavacia.com/category/podcasts/el-futuro-del-futuro/,https://www.lasillavacia.com/category/podcasts/el-futuro-del-futuro/,https://www.lasillavacia.com/category/podcasts/el-futuro-del-futuro/?h=70878f5d5efc5627&src=tesis&v=1,,,,70878f5d5efc5627efa562b97d4b3f94fe011ac037ecce500e56dbd8ca7164ae,0
La Silla Vacía,Cauca Verde,,https://www.lasillavacia.com/category/podcasts/cauca-verde/,https://www.lasillavacia.com/category/podcasts/cauca-verde/,https://www.lasillavacia.com/category/podcasts/cauca-verde/?h=8806575d691aaefa&src=tesis&v=1,,,,8806575d691aaefa985dac0299195c6585925df9602b360bdde2a4bdaa69053a,0
La Silla Vacía,Curso de inteligencia artificial,,https://www.lasillavacia.com/curso-inteligencia-artificial-una-solucion-para-aumentar-su-productividad/,https://www.lasillavacia.com/curso-inteligencia-artificial-una-solucion-para-aumentar-su-productividad/,https://www.lasillavacia.com/curso-inteligencia-artificial-una-solucion-para-aumentar-su-productividad/?h=0c1b7958134a9bd9&src=tesis&v=1,,,,0c1b7958134a9bd967c6c6ffde8003321424982a8a6d6e970ce5d96e74b067cc,0
La Silla Vacía,El ABC de la democracia,,https://www.lasillavacia.com/el-abc-de-la-democracia/,https://www.lasillavacia.com/el-abc-de-la-democracia/,https://www.lasillavacia.com/el-abc-de-la-democracia/?h=73ca272647993b58&src=tesis&v=1,,,,73ca272647993b586bee9cd7b0f00cba8e2ebf708583edfba0e1b1c27f549af4,0
La Silla Vacía,Curso virtual: ¿Qué está pasando en Colombia? 2025,,https://www.lasillavacia.com/curso-virtual-que-esta-pasando-en-colombia-2025/,https://www.lasillavacia.com/curso-virtual-que-esta-pasando-en-colombia-2025/,https://www.lasillavacia.com/curso-virtual-que-esta-pasando-en-colombia-2025/?h=5fac67759304fb8e&src=tesis&v=1,,,,5fac67759304fb8e6e34315cf1098d6f30a0d4593e4e6fa2a6a23f3885f12f8f,0
La Silla Vacía,Inmersión 2026,,https://www.lasillavacia.com/programa-de-inmersion-colombia-2025/,https://www.lasillavacia.com/programa-de-inmersion-colombia-2025/,https://www.lasillavacia.com/programa-de-inmersion-colombia-2025/?h=81be3159268edbb7&src=tesis&v=1,,,,81be3159268edbb71be85b07240139b9e1b6a2645a8f8d362c192f5b6f1c57dd,0
La Silla Vacía,Comunicar ideas con impacto,,https://www.lasillavacia.com/training-comunicar-ideas-con-impacto/,https://www.lasillavacia.com/training-comunicar-ideas-con-impacto/,https://www.lasillavacia.com/training-comunicar-ideas-con-impacto/?h=2376502749c9beaa&src=tesis&v=1,,,,2376502749c9beaaa5cbebf3269ac9506bb5ff2637de94193e68ed45379af495,0
La Silla Vacía,Estado Explicadito,,https://www.lasillavacia.com/curso-en-linea-estado-colombiano-explicadito/,https://www.lasillavacia.com/curso-en-linea-estado-colombiano-explicadito/,https://www.lasillavacia.com/curso-en-linea-estado-colombiano-explicadito/?h=0dc7818940779bec&src=tesis&v=1,,,,0dc7818940779bec5d4d6b5a260b9ca581c0660ab12f4a385fd9fac9e783c172,0
La Silla Vacía,Periodismo digital,,https://www.lasillavacia.com/curso/periodismo-digital-como-contar-historia/,https://www.lasillavacia.com/curso/periodismo-digital-como-contar-historia/,https://www.lasillavacia.com/curso/periodismo-digital-como-contar-historia/?h=a9f79c408eac09d7&src=tesis&v=1,,,,a9f79c408eac09d768839ecd2f6439696d752b1061e64dec16dbb48c5e6f168e,0
La Silla Vacía,Facebook,,https://www.facebook.com/lasillavaciaoficial,https://www.facebook.com/lasillavaciaoficial,https://www.facebook.com/lasillavaciaoficial?h=7513b99cf682b88a&src=tesis&v=1,,,,7513b99cf682b88acff973d3b1e6530f5bf770b00097d80e85931539b7d20e23,0
La Silla Vacía,Instagram,,https://www.instagram.com/lasillavaciaoficial,https://www.instagram.com/lasillavaciaoficial,https://www.instagram.com/lasillavaciaoficial?h=d25f387694f35df0&src=tesis&v=1,,,,d25f387694f35df0576d7927b5add3ef6d121c56df0573579df2127a43b8e932,0
La Silla Vacía,Paz Total,,https://www.lasillavacia.com/silla-nacional/rayos-x-a-la-paz-total/,https://www.lasillavacia.com/silla-nacional/rayos-x-a-la-paz-total/,https://www.lasillavacia.com/silla-nacional/rayos-x-a-la-paz-total/?h=4da02b510cc7c461&src=tesis&v=1,,,,4da02b510cc7c4619011841df1fcf9fbd9bfeec4ed45624cff81d00a41b11abb,0
La Silla Vacía,Silla Datos,,https://www.lasillavacia.com/silla-datos/,https://www.lasillavacia.com/silla-datos/,https://www.lasillavacia.com/silla-datos/?h=e8bfcb2a2c354b1c&src=tesis&v=1,,,,e8bfcb2a2c354b1c913dae788777644ae63be96ec74e8a34c1ee0d7668ef1402,0
La Silla Vacía,Silla Cursos,,https://www.lasillavacia.com/silla-cursos/,https://www.lasillavacia.com/silla-cursos/,https://www.lasillavacia.com/silla-cursos/?h=6258aa955efecbf5&src=tesis&v=1,,,,6258aa955efecbf598e5bad3c5553532fb1227966b2c1731518f01ecb7f28763,0
La Silla Vacía,Antioquia,,https://www.lasillavacia.com/silla-nacional/antioquia/,https://www.lasillavacia.com/silla-nacional/antioquia/,https://www.lasillavacia.com/silla-nacional/antioquia/?h=de255ec6429f35d0&src=tesis&v=1,,,,de255ec6429f35d024ca987c5b6355db553aa3240b4cfccdfb45f8338709b99d,0
La Silla Vacía,Eje Cafetero,,https://www.lasillavacia.com/silla-nacional/eje-cafetero/,https://www.lasillavacia.com/silla-nacional/eje-cafetero/,https://www.lasillavacia.com/silla-nacional/eje-cafetero/?h=5036a13585da87a1&src=tesis&v=1,,,,5036a13585da87a1897f07e214631310e94dc0fd4ea8faa1ebe701e12aa24c2a,0
La Silla Vacía,Pacífico,,https://www.lasillavacia.com/silla-nacional/pacifico/,https://www.lasillavacia.com/silla-nacional/pacifico/,https://www.lasillavacia.com/silla-nacional/pacifico/?h=a9e2eee1982566e6&src=tesis&v=1,,,,a9e2eee1982566e6a308da9126f1d3be89c3b52a75b87943a3222bc579fd1f88,0
La Silla Vacía,Santanderes,,https://www.lasillavacia.com/silla-nacional/santanderes/,https://www.lasillavacia.com/silla-nacional/santanderes/,https://www.lasillavacia.com/silla-nacional/santanderes/?h=fd8bac1bbbfc0ddd&src=tesis&v=1,,,,fd8bac1bbbfc0dddc4fbe75f13e7732f52529c46f03232dddba7e83d68f5085e,0
La Silla Vacía,Región Sur,,https://www.lasillavacia.com/silla-nacional/region-sur/,https://www.lasillavacia.com/silla-nacional/region-sur/,https://www.lasillavacia.com/silla-nacional/region-sur/?h=73600079014aa57d&src=tesis&v=1,,,,73600079014aa57d88c4094cc9ab564236241f11f29db8f5abfd2183af761876,0
La Silla Vacía,On the Record,,https://www.lasillavacia.com/category/podcasts/on-the-record/,https://www.lasillavacia.com/category/podcasts/on-the-record/,https://www.lasillavacia.com/category/podcasts/on-the-record/?h=ee44ed84902c3e13&src=tesis&v=1,,,,ee44ed84902c3e13d4f27373150ec7b5a2625844ef15f87214c22ade4445bb5a,0
La Silla Vacía,El País de los Millenials,,https://www.lasillavacia.com/category/podcasts/el-pais-de-los-millenials/,https://www.lasillavacia.com/category/podcasts/el-pais-de-los-millenials/,https://www.lasillavacia.com/category/podcasts/el-pais-de-los-millenials/?h=88643ed34df948ed&src=tesis&v=1,,,,88643ed34df948ed2c2dff57cbb55ccec7a6edbc5e2d131a3188e59d3039e955,0
La Silla Vacía,Los Incómodos,,https://www.lasillavacia.com/category/podcasts/los-incomodos/,https://www.lasillavacia.com/category/podcasts/los-incomodos/,https://www.lasillavacia.com/category/podcasts/los-incomodos/?h=5d39b79a3101c507&src=tesis&v=1,,,,5d39b79a3101c5077a30c3c1c139527e6be74066e506a31edc86d18d04144034,0
La Silla Vacía,Publicaciones,,https://www.lasillavacia.com/category/publicaciones/,https://www.lasillavacia.com/category/publicaciones/,https://www.lasillavacia.com/category/publicaciones/?h=b76b85b0977bde21&src=tesis&v=1,,,,b76b85b0977bde21bfc253656ed6e7f66e193e6b9ba535565af921f10692d08c,0
La Silla Vacía,¿Qué es La Silla Vacía?,,https://www.lasillavacia.com/que-es-la-silla-vacia/,https://www.lasillavacia.com/que-es-la-silla-vacia/,https://www.lasillavacia.com/que-es-la-silla-vacia/?h=703e736feb72f703&src=tesis&v=1,,,,703e736feb72f703d815a4bec5c7226e957a7fe22ae5c3460af51e4e66079054,0
La Silla Vacía,¿Qué es la Red de Expertos?,,https://www.lasillavacia.com/que-es-la-red-de-expertos/,https://www.lasillavacia.com/que-es-la-red-de-expertos/,https://www.lasillavacia.com/que-es-la-red-de-expertos/?h=9b171f77163c1f9d&src=tesis&v=1,,,,9b171f77163c1f9d375aa18f343f313d6bbf4e47b578cda2e7543a6d743919a0,0
La Silla Vacía,¿Qué es La Silla Académica?,,https://www.lasillavacia.com/que-es-la-silla-academica/,https://www.lasillavacia.com/que-es-la-silla-academica/,https://www.lasillavacia.com/que-es-la-silla-academica/?h=43f23785b83d2d9b&src=tesis&v=1,,,,43f23785b83d2d9b542a5a834e44079f11517ceb814473687c97a1299fe33d11,0
La Silla Vacía,¿Qué es la Silla Cursos?,,https://www.lasillavacia.com/que-es-la-silla-cursos/,https://www.lasillavacia.com/que-es-la-silla-cursos/,https://www.lasillavacia.com/que-es-la-silla-cursos/?h=48e49847d3f923b8&src=tesis&v=1,,,,48e49847d3f923b8d03f18a7eba8fc75b3d44d71101599b08c8a46e9aa9a46c8,0
La Silla Vacía,¿Cómo usar La Silla Datos?,,https://www.lasillavacia.com/como-usar-la-silla-datos/,https://www.lasillavacia.com/como-usar-la-silla-datos/,https://www.lasillavacia.com/como-usar-la-silla-datos/?h=acd5808ef7afa503&src=tesis&v=1,,,,acd5808ef7afa5033746a038de3972e4afcabda5364009f01e5b6c114fa5c1fe,0
La Silla Vacía,Facebook,,https://www.facebook.com/La-Silla-Vac%C3%ADa-86869798098/?ref=hl,https://www.facebook.com/La-Silla-Vac%C3%ADa-86869798098/?ref=hl,https://www.facebook.com/La-Silla-Vac%C3%ADa-86869798098/?h=f8801f13dc7d469a&ref=hl&src=tesis&v=1,,,,f8801f13dc7d469a4a2ab2ddc2cf16b6ef99b1da94c0fbd4ca8197f8dded4b60,0
La Silla Vacía,Nuestros servicios,,https://www.lasillavacia.com/nuestros-servicios/,https://www.lasillavacia.com/nuestros-servicios/,https://www.lasillavacia.com/nuestros-servicios/?h=1a87891b526d6273&src=tesis&v=1,,,,1a87891b526d6273c799e6f53010b6fb93b6b7bcb370c213a084371f36b666bf,0
La Silla Vacía,Política de privacidad,,https://www.lasillavacia.com/politica-de-privacidad-tratamiento-de-datos-personales-y-uso-de-cookies/,https://www.lasillavacia.com/politica-de-privacidad-tratamiento-de-datos-personales-y-uso-de-cookies/,https://www.lasillavacia.com/politica-de-privacidad-tratamiento-de-datos-personales-y-uso-de-cookies/?h=d96975205ecf9537&src=tesis&v=1,,,,d96975205ecf9537162c26b17a8b7ad4e1964f06a2aae125f2be3250e4900fda,0
El Universal MX,NEWSLETTERS,,/newsletters/,https://www.eluniversal.com.mx/newsletters/,https://www.eluniversal.com.mx/newsletters/?h=b27b11b1b93bc398&src=tesis&v=1,,,,b27b11b1b93bc398154b81b6d4494bcacf49ced21b3480e66cca44e965444e4c,0
El Universal MX,Corte 2.0,,/suprema-corte-de-justicia/,https://www.eluniversal.com.mx/suprema-corte-de-justicia/,https://www.eluniversal.com.mx/suprema-corte-de-justicia/?h=6da5babf22533f9d&src=tesis&v=1,,,,6da5babf22533f9d69b32b069e31bea1492036ae825988561aac46c8f97ac4ee,0
El Universal MX,Mujeres a seguir,,/mujeres-a-seguir/,https://www.eluniversal.com.mx/mujeres-a-seguir/,https://www.eluniversal.com.mx/mujeres-a-seguir/?h=8ab2b3f83d670b91&src=tesis&v=1,,,,8ab2b3f83d670b91294f80d195eb6229ca66431a5c886e14712a8c89032ef433,0
El Universal MX,Periodismo de investigación,,/periodismo-de-investigacion/,https://www.eluniversal.com.mx/periodismo-de-investigacion/,https://www.eluniversal.com.mx/periodismo-de-investigacion/?h=f12c5c37bf3ef6d9&src=tesis&v=1,,,,f12c5c37bf3ef6d98b47cbd5a025d4afe062ca2563bb5d9abadb448d6f2e3920,0
El Universal MX,El Uni Explica,,/el-uni-explica/,https://www.eluniversal.com.mx/el-uni-explica/,https://www.eluniversal.com.mx/el-uni-explica/?h=06416f5459c88afd&src=tesis&v=1,,,,06416f5459c88afd863ba9ce69596109b7d9ed30ae0e9ef8554daa090306a796,0
El Universal MX,Gabinete de Sheinbaum,,/gabinete-de-sheinbaum/,https://www.eluniversal.com.mx/gabinete-de-sheinbaum/,https://www.eluniversal.com.mx/gabinete-de-sheinbaum/?h=414e5fb6e7ccee18&src=tesis&v=1,,,,414e5fb6e7ccee18c3a9d11141776e40a50a2894647880a4929eab57f79b05ce,0
El Universal MX,Donald Trump,,/donald-trump-presidente-estados-unidos/,https://www.eluniversal.com.mx/donald-trump-presidente-estados-unidos/,https://www.eluniversal.com.mx/donald-trump-presidente-estados-unidos/?h=9afdad4704a26f56&src=tesis&v=1,,,,9afdad4704a26f56463081d829058b2283502025c9b39fbeb22b3b00f5799a74,0
El Universal MX,Metropoli,,/metropoli/,https://www.eluniversal.com.mx/metropoli/,https://www.eluniversal.com.mx/metropoli/?h=fe13bdedb809c14a&src=tesis&v=1,,,,fe13bdedb809c14a026cf9e8ead444c27cf2b32ec38af3e94a9bfa9adc27b6fe,0
El Universal MX,Narcotráfico,,/narco-en-mexico/,https://www.eluniversal.com.mx/narco-en-mexico/,https://www.eluniversal.com.mx/narco-en-mexico/?h=5f0e5ad9facc0768&src=tesis&v=1,,,,5f0e5ad9facc076848bd386a6042b305d276800d1b87fd361d91c280453e5c16,0
El Universal MX,Cartones,,/carton,https://www.eluniversal.com.mx/carton,https://www.eluniversal.com.mx/carton?h=33c867391b43855e&src=tesis&v=1,,,,33c867391b43855ef70aec8302a00b80783a742dc8816dbd5c969e4bf3ace1d1,0
El Universal MX,Economía,,/cartera/,https://www.eluniversal.com.mx/cartera/,https://www.eluniversal.com.mx/cartera/?h=8a3ff235a47299d9&src=tesis&v=1,,,,8a3ff235a47299d93b8644bcab315c2f12ac9681e071070e4267e103834c1a89,0
El Universal MX,Universal Deportes,,/deportes/,https://www.eluniversal.com.mx/deportes/,https://www.eluniversal.com.mx/deportes/?h=d2f72cda60cf6cee&src=tesis&v=1,,,,d2f72cda60cf6ceefb224c29226ed1443704667131708e756e8b8df7071bcd42,0
El Universal MX,Espectáculos,,/espectaculos/,https://www.eluniversal.com.mx/espectaculos/,https://www.eluniversal.com.mx/espectaculos/?h=156b2ab78970d79c&src=tesis&v=1,,,,156b2ab78970d79c4a3c45d7257cef5f6b19b88e9bc786a2b862bb0f78ca3193,0
El Universal MX,Confabulario,,/cultura/confabulario/,https://www.eluniversal.com.mx/cultura/confabulario/,https://www.eluniversal.com.mx/cultura/confabulario/?h=4f59af95ade4380c&src=tesis&v=1,,,,4f59af95ade4380c777335333524ec95e97316ff5718bf92e83af55a01c9796f,0
El Universal MX,Tendencias,,/tendencias/,https://www.eluniversal.com.mx/tendencias/,https://www.eluniversal.com.mx/tendencias/?h=dda5c0df6fd2fd99&src=tesis&v=1,,,,dda5c0df6fd2fd992646ad8023d253cb494ca9be85f85240bda7be09c21c59a1,0
El Universal MX,Ciencia y Salud,,/ciencia-y-salud/,https://www.eluniversal.com.mx/ciencia-y-salud/,https://www.eluniversal.com.mx/ciencia-y-salud/?h=85acc4d3e36b6380&src=tesis&v=1,,,,85acc4d3e36b63801c1c15797e153ba1ce7c4a330e7fe16fe03ac5e7a7ba1969,0
El Universal MX,De última,,/de-ultima/,https://www.eluniversal.com.mx/de-ultima/,https://www.eluniversal.com.mx/de-ultima/?h=f432cb07062c6606&src=tesis&v=1,,,,f432cb07062c6606a95ebaa7e8f380d69689fbc5ec91cf1388994ef29bd76595,0
El Universal MX,Destinos,,/destinos/,https://www.eluniversal.com.mx/destinos/,https://www.eluniversal.com.mx/destinos/?h=1937ac96f09a8a16&src=tesis&v=1,,,,1937ac96f09a8a1626abe32d27804262127c1587014dd737e37fcdea3d3c4c2b,0
El Universal MX,Autopistas,,/autopistas/,https://www.eluniversal.com.mx/autopistas/,https://www.eluniversal.com.mx/autopistas/?h=bf075b69044e1b07&src=tesis&v=1,,,,bf075b69044e1b07d49c47c7a61a14d2b418977d46b0991feb0b68843d8a08f9,0
El Universal MX,Tiempo de Relojes,,/tiempo-de-relojes/,https://www.eluniversal.com.mx/tiempo-de-relojes/,https://www.eluniversal.com.mx/tiempo-de-relojes/?h=1dd94c8796668ec4&src=tesis&v=1,,,,1dd94c8796668ec4885c6f78abd8bcb94a2578fb22058c6f4324dffd9c23081f,0
El Universal MX,De10sports,,https://de10.com.mx/,https://de10.com.mx/,https://de10.com.mx/?h=4355667c6c3fb349&src=tesis&v=1,,,,4355667c6c3fb3495e840c90541c4851d5acdaec20bab8db3c827e8d8ab39921,0
El Universal MX,DeDinero,,https://www.dedinero.com.mx/,https://www.dedinero.com.mx/,https://www.dedinero.com.mx/?h=02be55cb722cecee&src=tesis&v=1,,,,02be55cb722ceceed96ee5179bac91fd29bdc6e389439bf87d77fe9124a6c82f,0
El Universal MX,El Gráfico,,https://www.elgrafico.mx/,https://www.elgrafico.mx/,https://www.elgrafico.mx/?h=837d7ed38abc3fd9&src=tesis&v=1,,,,837d7ed38abc3fd98c591993c9c5d54ef779ca8e9b695233360986ad5eda03cb,0
El Universal MX,Generación Universitaria,,https://www.generacionuniversitaria.com.mx/,https://www.generacionuniversitaria.com.mx/,https://www.generacionuniversitaria.com.mx/?h=c3089ff405637e04&src=tesis&v=1,,,,c3089ff405637e045549c9aba3ae65d5a6786c3cfe5eb30c06ef6ddf003f2098,0
El Universal MX,SuMédico,,https://www.sumedico.com/,https://www.sumedico.com/,https://www.sumedico.com/?h=85dbe550b4df483d&src=tesis&v=1,,,,85dbe550b4df483dd0e2b2c75147b80fdc63c55c7e55285e568786d31e644b8f,0
El Universal MX,Aviso Oportuno,,https://www.avisooportuno.mx/,https://www.avisooportuno.mx/,https://www.avisooportuno.mx/?h=3d0103955d6cf21b&src=tesis&v=1,,,,3d0103955d6cf21b315f02a2aa812df9eb523a22cb45ff507254685c33a8050c,0
El Universal MX,Descuentos,,https://www.eluniversal.com.mx/descubreycompra/,https://www.eluniversal.com.mx/descubreycompra/,https://www.eluniversal.com.mx/descubreycompra/?h=1a4d08792cf77b64&src=tesis&v=1,,,,1a4d08792cf77b649aa968696f565f7c366346be80d5155a88760c1b8572aac8,0
El Universal MX,Descubre y Compra,,https://www.eluniversal.com.mx/descubre-y-compra/,https://www.eluniversal.com.mx/descubre-y-compra/,https://www.eluniversal.com.mx/descubre-y-compra/?h=39d7e3e3a3bbe27a&src=tesis&v=1,,,,39d7e3e3a3bbe27a4470326a821863f5da2b9960103da4ee2ffe1e521527127d,0
El Universal MX,Obituarios,,https://obituarios.eluniversal.com.mx/,https://obituarios.eluniversal.com.mx/,https://obituarios.eluniversal.com.mx/?h=f0509a4c8079366c&src=tesis&v=1,,,,f0509a4c8079366c3d59dd3930a80b67f979ed387c6bdf6375d33ffc3b31c622,0
El Universal MX,Querétaro,,https://www.eluniversalqueretaro.mx/,https://www.eluniversalqueretaro.mx/,https://www.eluniversalqueretaro.mx/?h=fbe92463d996c49c&src=tesis&v=1,,,,fbe92463d996c49c5f3580399ad188f944ef7863bae418b1332eceaf8586c57b,0
El Universal MX,San Luis Potosí,,https://sanluis.eluniversal.com.mx/,https://sanluis.eluniversal.com.mx/,https://sanluis.eluniversal.com.mx/?h=2048d3e025625301&src=tesis&v=1,,,,2048d3e025625301313889cccd24b29ead1b0b2e6a8b5a26c0b87260a45ee92c,0
El Universal MX,Directorio,,/directorio/,https://www.eluniversal.com.mx/directorio/,https://www.eluniversal.com.mx/directorio/?h=7b9a180403cda703&src=tesis&v=1,,,,7b9a180403cda7037ec133c07fa8c63627a7f71a9a05870a4d44b2504c6a7499,0
El Universal MX,Consejo Editorial Consultivo,,/consejo-editorial-consultivo/,https://www.eluniversal.com.mx/consejo-editorial-consultivo/,https://www.eluniversal.com.mx/consejo-editorial-consultivo/?h=a23541f0ccc2dc0f&src=tesis&v=1,,,,a23541f0ccc2dc0f1595195fdeedc752966bb8fdf8ca6dc0ecdee3cfab48ed81,0
El Universal MX,Código de ética,,/codigo-de-etica/,https://www.eluniversal.com.mx/codigo-de-etica/,https://www.eluniversal.com.mx/codigo-de-etica/?h=202c5d604794d50a&src=tesis&v=1,,,,202c5d604794d50aec2406f2ed2b6672daab20c90f2ebd521c2a23ef2f16e476,0
El Universal MX,Violencia,,/criterios-ante-violencia/,https://www.eluniversal.com.mx/criterios-ante-violencia/,https://www.eluniversal.com.mx/criterios-ante-violencia/?h=cf1bcac2fe0796d1&src=tesis&v=1,,,,cf1bcac2fe0796d12e0f7aee7939b6ddb7eec7cfd7aa9f0d6349e6f91907b74c,0
El Universal MX,Publicidad,,/publicidad/,https://www.eluniversal.com.mx/publicidad/,https://www.eluniversal.com.mx/publicidad/?h=8566e4989e57f2e5&src=tesis&v=1,,,,8566e4989e57f2e5cb7d904521f65df41c266cfa5efd1a0cd2b9821ca7962ed0,0
El Universal MX,Aviso de Privacidad,,/aviso-de-privacidad/,https://www.eluniversal.com.mx/aviso-de-privacidad/,https://www.eluniversal.com.mx/aviso-de-privacidad/?h=276b80d8ba66bf2c&src=tesis&v=1,,,,276b80d8ba66bf2ce7ee534094d8183701ab979ad33b704830ff27be3d196fcc,0
El Universal MX,Historia,,/historia-breve/,https://www.eluniversal.com.mx/historia-breve/,https://www.eluniversal.com.mx/historia-breve/?h=c72ea7f2f2f5c2e7&src=tesis&v=1,,,,c72ea7f2f2f5c2e73171d57202084b81553714f975869e5c35e9862d190b94dc,0
El Universal MX,Declaración de Accesibilidad,,/declaracion-accesibilidad/,https://www.eluniversal.com.mx/declaracion-accesibilidad/,https://www.eluniversal.com.mx/declaracion-accesibilidad/?h=eb34293340265ed9&src=tesis&v=1,,,,eb34293340265ed99540659df43a948c2788ec6aa11896d23dfb4a8cc1c6681b,0
El Universal MX,Términos y condiciones,,/terminos-y-condiciones/,https://www.eluniversal.com.mx/terminos-y-condiciones/,https://www.eluniversal.com.mx/terminos-y-condiciones/?h=d37bf084ece4dff3&src=tesis&v=1,,,,d37bf084ece4dff3269c283c7ead709fc0b783f35dafe6103e1bad17c98362b3,0
El Universal MX,Contacto,,/contacto/,https://www.eluniversal.com.mx/contacto/,https://www.eluniversal.com.mx/contacto/?h=73d7a7a6b8a326b1&src=tesis&v=1,,,,73d7a7a6b8a326b1ae1a0487bf7af0e3123a56840b009ee6c9d8a07b59086a76,0
El Comercio PE,Eliminatorias 2026,,https://elcomercio.pe/deporte-total/colombia/tabla-de-posiciones-eliminatorias-sudamericanas-hoy-en-vivo-resultados-partidos-clasificados-y-repechaje-noticia/?ref=ecr,https://elcomercio.pe/deporte-total/colombia/tabla-de-posiciones-eliminatorias-sudamericanas-hoy-en-vivo-resultados-partidos-clasificados-y-repechaje-noticia/?ref=ecr,https://elcomercio.pe/deporte-total/colombia/tabla-de-posiciones-eliminatorias-sudamericanas-hoy-en-vivo-resultados-partidos-clasificados-y-repechaje-noticia/?h=3475e9a9153102a9&ref=ecr&src=tesis&v=1,,,,3475e9a9153102a934bba07eef4358224d3f9c1508b34d087a19eadfecd6a360,0
El Comercio PE,Vizcarra,,https://elcomercio.pe/politica/actualidad/martin-vizcarra-sale-en-libertad-del-penal-de-barbadillo-por-disposicion-del-inpe-y-poder-judicial-ultimas-noticia/,https://elcomercio.pe/politica/actualidad/martin-vizcarra-sale-en-libertad-del-penal-de-barbadillo-por-disposicion-del-inpe-y-poder-judicial-ultimas-noticia/,https://elcomercio.pe/politica/actualidad/martin-vizcarra-sale-en-libertad-del-penal-de-barbadillo-por-disposicion-del-inpe-y-poder-judicial-ultimas-noticia/?h=f879b158d3f047a6&src=tesis&v=1,,,,f879b158d3f047a6a16671d15b43f58fc937ab39cb6ea7a217c0b760e73049cb,0
El Comercio PE,Betssy Chávez,,https://elcomercio.pe/politica/actualidad/betssy-chavez-sale-en-libertad-tras-sentencia-del-tribunal-constitucional-que-anulo-su-prision-preventiva-ultimas-noticia/,https://elcomercio.pe/politica/actualidad/betssy-chavez-sale-en-libertad-tras-sentencia-del-tribunal-constitucional-que-anulo-su-prision-preventiva-ultimas-noticia/,https://elcomercio.pe/politica/actualidad/betssy-chavez-sale-en-libertad-tras-sentencia-del-tribunal-constitucional-que-anulo-su-prision-preventiva-ultimas-noticia/?h=11299627690714ea&src=tesis&v=1,,,,11299627690714ea9e0b93442135c5537ff21fed6f1bac7547ef27c560410cb3,0
El Comercio PE,Santiváñez,,https://elcomercio.pe/politica/gobierno/se-suman-criticas-a-designacion-de-juan-jose-santivanez-en-justicia-que-pasara-con-su-oficina-en-palacio-de-gobierno-tlcnota-noticia/,https://elcomercio.pe/politica/gobierno/se-suman-criticas-a-designacion-de-juan-jose-santivanez-en-justicia-que-pasara-con-su-oficina-en-palacio-de-gobierno-tlcnota-noticia/,https://elcomercio.pe/politica/gobierno/se-suman-criticas-a-designacion-de-juan-jose-santivanez-en-justicia-que-pasara-con-su-oficina-en-palacio-de-gobierno-tlcnota-noticia/?h=7a0772fa2341f6ee&src=tesis&v=1,,,,7a0772fa2341f6ee7e5ac94291a3967597567a734f20f5d95f61c8e7d549925d,0
El Comercio PE,Mundial de desayunos,,https://elcomercio.pe/provecho/tendencias/mundial-de-desayunos-de-ibai-llanos-como-votar-en-el-peru-vs-chile-semifinales-noticia/,https://elcomercio.pe/provecho/tendencias/mundial-de-desayunos-de-ibai-llanos-como-votar-en-el-peru-vs-chile-semifinales-noticia/,https://elcomercio.pe/provecho/tendencias/mundial-de-desayunos-de-ibai-llanos-como-votar-en-el-peru-vs-chile-semifinales-noticia/?h=f918178ccb39a2a2&src=tesis&v=1,,,,f918178ccb39a2a2983d5f58cd30b67af67833a6b46c47242b5af5a0069d96ba,0
El Comercio PE,Retiro AFP,,https://elcomercio.pe/respuestas/tramites/que-pasara-este-miercoles-3-de-setiembre-en-el-congreso-y-que-puede-influir-en-el-retiro-afp-2025-hay-19-proyectos-de-ley-esperando-al-debate-tdpe-noticia/,https://elcomercio.pe/respuestas/tramites/que-pasara-este-miercoles-3-de-setiembre-en-el-congreso-y-que-puede-influir-en-el-retiro-afp-2025-hay-19-proyectos-de-ley-esperando-al-debate-tdpe-noticia/,https://elcomercio.pe/respuestas/tramites/que-pasara-este-miercoles-3-de-setiembre-en-el-congreso-y-que-puede-influir-en-el-retiro-afp-2025-hay-19-proyectos-de-ley-esperando-al-debate-tdpe-noticia/?h=f2b454f6009d192a&src=tesis&v=1,,,,f2b454f6009d192a00571e81a4400ec04a6ab0e0f9bc33bdd18faf7e9953cec7,0
El Comercio PE,La Tinka,,https://elcomercio.pe/respuestas/loterias/la-tinka-en-vivo-resultados-hoy-miercoles-6-de-agosto-numeros-ganadores-del-ultimo-sorteo-pozo-millonario-controlar-tinkanet-resultado-si-o-si-boliyapa-intralot-lbposting-noticia/,https://elcomercio.pe/respuestas/loterias/la-tinka-en-vivo-resultados-hoy-miercoles-6-de-agosto-numeros-ganadores-del-ultimo-sorteo-pozo-millonario-controlar-tinkanet-resultado-si-o-si-boliyapa-intralot-lbposting-noticia/,https://elcomercio.pe/respuestas/loterias/la-tinka-en-vivo-resultados-hoy-miercoles-6-de-agosto-numeros-ganadores-del-ultimo-sorteo-pozo-millonario-controlar-tinkanet-resultado-si-o-si-boliyapa-intralot-lbposting-noticia/?h=45225d0bc794a45c&src=tesis&v=1,,,,45225d0bc794a45c382c83235bb8d2acf6aa0c6f9a69200aba8f3bc62a338aa0,0
El Comercio PE,DolarToday,,https://elcomercio.pe/economia/mercados/dolartoday-y-monitor-dolar-hoy-a-cuanto-se-cotiza-el-dolar-en-venezuela-tdpe-ultimas-noticia-3/,https://elcomercio.pe/economia/mercados/dolartoday-y-monitor-dolar-hoy-a-cuanto-se-cotiza-el-dolar-en-venezuela-tdpe-ultimas-noticia-3/,https://elcomercio.pe/economia/mercados/dolartoday-y-monitor-dolar-hoy-a-cuanto-se-cotiza-el-dolar-en-venezuela-tdpe-ultimas-noticia-3/?h=4c3078e882143288&src=tesis&v=1,,,,4c3078e8821432882e7d3648ae30521d5c5d04b33e2e4122e958d9b7132035be,0
El Comercio PE,Dólar BCV,,https://elcomercio.pe/respuestas/venezuela/dolar-bcv-hoy-precio-y-tasa-oficial-del-banco-central-de-venezuela-bitcoin-monitor-dolar-dolares-a-bolivares-tdpe-noticia/,https://elcomercio.pe/respuestas/venezuela/dolar-bcv-hoy-precio-y-tasa-oficial-del-banco-central-de-venezuela-bitcoin-monitor-dolar-dolares-a-bolivares-tdpe-noticia/,https://elcomercio.pe/respuestas/venezuela/dolar-bcv-hoy-precio-y-tasa-oficial-del-banco-central-de-venezuela-bitcoin-monitor-dolar-dolares-a-bolivares-tdpe-noticia/?h=97db0eb8a3bd0b2d&src=tesis&v=1,,,,97db0eb8a3bd0b2dc7efe182dee5541cb748a52aea8bdb8a7700133b183c3176,0
El Comercio PE,Club El Comercio,,https://clubelcomercio.pe/,https://clubelcomercio.pe/,https://clubelcomercio.pe/?h=d6ba7e6c0a0d989e&src=tesis&v=1,,,,d6ba7e6c0a0d989ec3420afebf5c88c095b5746ad54fba6306dfb224acd5040f,0
El Comercio PE,Newsletters,,https://elcomercio.pe/newsletters,https://elcomercio.pe/newsletters,https://elcomercio.pe/newsletters?h=524a62a485473dbd&src=tesis&v=1,,,,524a62a485473dbd55924d96d6984b3d1490549126580123da52d60befd3b98d,0
El Comercio PE,Horóscopo,,https://elcomercio.pe/luces/vida-social/horoscopo-de-hoy-jueves-4-de-septiembre-lee-aqui-las-predicciones-para-tu-signo-noticia/,https://elcomercio.pe/luces/vida-social/horoscopo-de-hoy-jueves-4-de-septiembre-lee-aqui-las-predicciones-para-tu-signo-noticia/,https://elcomercio.pe/luces/vida-social/horoscopo-de-hoy-jueves-4-de-septiembre-lee-aqui-las-predicciones-para-tu-signo-noticia/?h=1a515093e2177893&src=tesis&v=1,,,,1a515093e2177893942dfac5db332570348bc3032984c326b5e00c6dc1812831,0
El Comercio PE,Finanzas Personales,,/economia/personal/,https://elcomercio.pe/economia/personal/,https://elcomercio.pe/economia/personal/?h=d29687e23047b156&src=tesis&v=1,,,,d29687e23047b1565d90d86f5cb8b88f2b0710443c7324a44a5762e04f9243a8,0
El Comercio PE,Lo último,,/ultimas-noticias/,https://elcomercio.pe/ultimas-noticias/,https://elcomercio.pe/ultimas-noticias/?h=d945a2af1ad006cd&src=tesis&v=1,,,,d945a2af1ad006cd59c7a963d80a49b749609d96eb4b1e386bf1b0854b822538,0
El Comercio PE,Edición Impresa,,http://peruquiosco.pe/,http://peruquiosco.pe/,http://peruquiosco.pe/?h=47de720c7f89b9e2&src=tesis&v=1,,,,47de720c7f89b9e26fdf4073e6584524ad38168c0f009ffbd09579d390cb9cfd,0
El Comercio PE,Newsletters,,https://elcomercio.pe/newsletters/,https://elcomercio.pe/newsletters/,https://elcomercio.pe/newsletters/?h=5f4ccc527732ce7a&src=tesis&v=1,,,,5f4ccc527732ce7a7e43b88a5f072c3b4cc8a269c43309c0a4bd35040134540b,0
El Comercio PE,Editorial,,/opinion/editorial/,https://elcomercio.pe/opinion/editorial/,https://elcomercio.pe/opinion/editorial/?h=594b0a41f7a71fe9&src=tesis&v=1,,,,594b0a41f7a71fe9f4d96bc4c0822999e576b50053fe272be7c2d2073a596ed1,0
El Comercio PE,Audiencias Vecinales,,/audiencias-vecinales/,https://elcomercio.pe/audiencias-vecinales/,https://elcomercio.pe/audiencias-vecinales/?h=9c083f62eb555681&src=tesis&v=1,,,,9c083f62eb555681fa753de96128ff80ed374d03b98ff01a8854c25ca6998890,0
El Comercio PE,Corresponsales escolares,,/corresponsales-escolares/,https://elcomercio.pe/corresponsales-escolares/,https://elcomercio.pe/corresponsales-escolares/?h=25b0ddba69af9b39&src=tesis&v=1,,,,25b0ddba69af9b39db89744512e9019ac9fcf8b5380be24a7e9e5ca3239a7906,0
El Comercio PE,Columnistas,,https://elcomercio.pe/opinion,https://elcomercio.pe/opinion,https://elcomercio.pe/opinion?h=ee60af81fac06cb7&src=tesis&v=1,,,,ee60af81fac06cb7e577b6e760a9676ed7d79b36d4be9a7476cf31cabf42ab54,0
El Comercio PE,Provecho,,/provecho/,https://elcomercio.pe/provecho/,https://elcomercio.pe/provecho/?h=15790dfbc8d29f0b&src=tesis&v=1,,,,15790dfbc8d29f0bc64a0472c1d276779636ff0aebae70cdec2ea7258ff622ef,0
El Comercio PE,Saltar intro,,/saltar-intro/,https://elcomercio.pe/saltar-intro/,https://elcomercio.pe/saltar-intro/?h=d4965ad93a6e9c62&src=tesis&v=1,,,,d4965ad93a6e9c624b2e5fbd6f6d9bb4f162f451289de5e9b1c792a56a6de7e1,0
El Comercio PE,Política,,/politica/,https://elcomercio.pe/politica/,https://elcomercio.pe/politica/?h=f7cf115a78dbe95d&src=tesis&v=1,,,,f7cf115a78dbe95dc0e1689ebbd8b297d3a0b0d0d8ab2baebdd78ee509131b71,0
El Comercio PE,Economía,,/economia/,https://elcomercio.pe/economia/,https://elcomercio.pe/economia/?h=7a0a19d7f89a174e&src=tesis&v=1,,,,7a0a19d7f89a174e7b2830e02505236b2e693ef86025bcbfbaea3307367535f1,0
El Comercio PE,Tecnología y ciencias,,/tecnologia/,https://elcomercio.pe/tecnologia/,https://elcomercio.pe/tecnologia/?h=74507d2ecb4af003&src=tesis&v=1,,,,74507d2ecb4af00365253a91fe31836659e3ca261bc00c1e483053529780b25e,0
El Comercio PE,Bienestar,,/bienestar/,https://elcomercio.pe/bienestar/,https://elcomercio.pe/bienestar/?h=57b3fd10776f8f30&src=tesis&v=1,,,,57b3fd10776f8f3050b736eca825233a24aa166572d7d26e1da927db4e26f19f,0
El Comercio PE,Hogar y Familia,,/hogar-familia/,https://elcomercio.pe/hogar-familia/,https://elcomercio.pe/hogar-familia/?h=378db76f76721b75&src=tesis&v=1,,,,378db76f76721b75f50553eebfdc309bc1899a9e23888df3e198ee494ab42f2d,0
El Comercio PE,Respuestas,,/respuestas/,https://elcomercio.pe/respuestas/,https://elcomercio.pe/respuestas/?h=c9f07a37434edc30&src=tesis&v=1,,,,c9f07a37434edc3072a706ddb4b61678454e628633ed9472e90bd2e85ce08d9a,0
El Comercio PE,Ruedas y Tuercas,,/ruedas-tuercas/,https://elcomercio.pe/ruedas-tuercas/,https://elcomercio.pe/ruedas-tuercas/?h=fdec9bd9b36f06cf&src=tesis&v=1,,,,fdec9bd9b36f06cf470f397c623293d60ffb94274bcbacc43ecf7cf78ffd4ec3,0
El Comercio PE,Casa y Más,,/casa-y-mas/,https://elcomercio.pe/casa-y-mas/,https://elcomercio.pe/casa-y-mas/?h=298e08101a68b60a&src=tesis&v=1,,,,298e08101a68b60a65f47b94a4074dc3d163dabe16812c7ccb0489c48e7b117b,0
El Comercio PE,El Dominical,,/eldominical/,https://elcomercio.pe/eldominical/,https://elcomercio.pe/eldominical/?h=2b55358f1e977696&src=tesis&v=1,,,,2b55358f1e9776967354c051a14bfbd833081950ef7deddc1c6ea1c7b719c038,0
El Comercio PE,Horóscopo,,https://elcomercio.pe/noticias/horoscopo/,https://elcomercio.pe/noticias/horoscopo/,https://elcomercio.pe/noticias/horoscopo/?h=762e5c08fd9720a7&src=tesis&v=1,,,,762e5c08fd9720a7c2d352c5f21fded1b84d5b91b893e15892c254b8a835e12b,0
El Comercio PE,Desde la redacción,,/desde-la-redaccion/,https://elcomercio.pe/desde-la-redaccion/,https://elcomercio.pe/desde-la-redaccion/?h=b47c5ffe68a143bd&src=tesis&v=1,,,,b47c5ffe68a143bd4ff327cd51b2ebd8af8a49cd90e5dd5ba0d0d56ca1c029b6,0
El Comercio PE,Archivo El Comercio,,/archivo-elcomercio/,https://elcomercio.pe/archivo-elcomercio/,https://elcomercio.pe/archivo-elcomercio/?h=9986b9417beda920&src=tesis&v=1,,,,9986b9417beda920db8f22a92467d82b9c37bf76147c38c5567461f2efe5578c,0
El Comercio PE,Notas contratadas,,/publirreportaje/,https://elcomercio.pe/publirreportaje/,https://elcomercio.pe/publirreportaje/?h=3f0da05233ce4abe&src=tesis&v=1,,,,3f0da05233ce4abe47adb47730f5a810bfe15273caeec3cbe80123e3f8328598,0
El Comercio PE,Colecciones El Comercio,,/colecciones-el-comercio/,https://elcomercio.pe/colecciones-el-comercio/,https://elcomercio.pe/colecciones-el-comercio/?h=836dddff4ba90490&src=tesis&v=1,,,,836dddff4ba90490596f5d97902dcbb68f6288f80c54a6c2336e8e29eacdeb06,0
El Comercio PE,elcomercio.pe,,/,https://elcomercio.pe/,https://elcomercio.pe/?h=1d856aa83175fc54&src=tesis&v=1,,,,1d856aa83175fc5464841a319864ac33eaa946f205c32b9bf32a8d80af8830bc,0
El Comercio PE,términos y condiciones de uso,,/terminos-y-condiciones/,https://elcomercio.pe/terminos-y-condiciones/,https://elcomercio.pe/terminos-y-condiciones/?h=1cd96057b3d80ace&src=tesis&v=1,,,,1cd96057b3d80ace24c8017b907d452e0d7b6b643853d97794bc4aed8f2d5cdb,0
El Comercio PE,oficinas concesionarias,,/oficinas-concesionarias/,https://elcomercio.pe/oficinas-concesionarias/,https://elcomercio.pe/oficinas-concesionarias/?h=83da9d85f248c2db&src=tesis&v=1,,,,83da9d85f248c2db94b5c8b621ce4fb21f0fa22d6e76e092a8ee50fbf2a721e1,0
El Comercio PE,principios rectores,,/principios-rectores/,https://elcomercio.pe/principios-rectores/,https://elcomercio.pe/principios-rectores/?h=1282366fe8eb13f4&src=tesis&v=1,,,,1282366fe8eb13f4faa3c26bf85a8795f2411ed8dd4a8096a28dec04ccf2cf05,0
El Comercio PE,buenas prácticas,,/buenas-practicas/,https://elcomercio.pe/buenas-practicas/,https://elcomercio.pe/buenas-practicas/?h=14d065b3e323567e&src=tesis&v=1,,,,14d065b3e323567ea85d6279490b1f3d876d9f17645170f9ea682abc0acc78ff,0
El Comercio PE,políticas de privacidad,,/politicas-privacidad/,https://elcomercio.pe/politicas-privacidad/,https://elcomercio.pe/politicas-privacidad/?h=99e855a24c7c20e0&src=tesis&v=1,,,,99e855a24c7c20e055073a6ce0d9cea5018e0db716aaaab667f6418747f5d005,0
El Comercio PE,política integrada de gestión,,/politica-integrada-de-gestion/,https://elcomercio.pe/politica-integrada-de-gestion/,https://elcomercio.pe/politica-integrada-de-gestion/?h=d95362edff1a0551&src=tesis&v=1,,,,d95362edff1a05514c3441951f8496962bb4fca34d19cad4cece542ddb8ecc76,0
El Comercio PE,derechos arco,,/procedimiento-arco/,https://elcomercio.pe/procedimiento-arco/,https://elcomercio.pe/procedimiento-arco/?h=abb149831ad8745c&src=tesis&v=1,,,,abb149831ad8745cfe47755542fe7e511e2a415f2a803464c5bba1fc3df22067,0
El Comercio PE,política de cookies,,/politica-de-cookies/,https://elcomercio.pe/politica-de-cookies/,https://elcomercio.pe/politica-de-cookies/?h=91c0b4b5116d0533&src=tesis&v=1,,,,91c0b4b5116d053330482c91f625c656ac500438d5f7e71effc1d830dcf54895,0
El Comercio PE,Suscriptores,,https://elcomercio.pe/exclusivo-suscriptores,https://elcomercio.pe/exclusivo-suscriptores,https://elcomercio.pe/exclusivo-suscriptores?h=751dfbde01d0af66&src=tesis&v=1,,,,751dfbde01d0af66fb7aa68852fad4bb0475b3e1d53a5e2131eccf072cf08d80,0
El Comercio PE,<Anterior,,/archivo/todas/2025-09-04/,https://elcomercio.pe/archivo/todas/2025-09-04/,https://elcomercio.pe/archivo/todas/2025-09-04/?h=284ee1ee52c8de21&src=tesis&v=1,,,,284ee1ee52c8de21a8e44b1c0431de99eaaad203fc2f784e9111caff3dac1deb,0
El Comercio PE,Compromiso de Autorregulación Comercial,,https://elcomercio.pe/compromiso-autoregulacion-comercial.pdf,https://elcomercio.pe/compromiso-autoregulacion-comercial.pdf,https://elcomercio.pe/compromiso-autoregulacion-comercial.pdf?h=a5a4554e71f186b5&src=tesis&v=1,,,,a5a4554e71f186b5eb22fab735a904aa05e0487e276a7d3275b33bbc0b8fac82,0
El Comercio PE,elcomercio.pe,,https://elcomercio.pe,https://elcomercio.pe,https://elcomercio.pe?h=f1c8301bd600e613&src=tesis&v=1,,,,f1c8301bd600e6136f0abe3fa3e80af1bab069fc4137e7e350b2fb3647150593,0
El Comercio PE,gestion.pe,,https://gestion.pe/,https://gestion.pe/,https://gestion.pe/?h=2f7869fa574fe542&src=tesis&v=1,,,,2f7869fa574fe542ecf9265e64f5e6056564948c31e7a6a4b865d2747264f6dd,0
El Comercio PE,depor.com,,https://depor.com/,https://depor.com/,https://depor.com/?h=797e52c91f5828f9&src=tesis&v=1,,,,797e52c91f5828f9b4445a2469974a533c60b71e24f17b1a3faae574d9c5cccf,0
El Comercio PE,trome.com,,https://trome.com/,https://trome.com/,https://trome.com/?h=3a103291d0c9fdff&src=tesis&v=1,,,,3a103291d0c9fdff4664bc2ad37f5ee31b26f39ac8392986c17928eeca75a3e7,0
El Comercio PE,diariocorreo.pe,,https://diariocorreo.pe,https://diariocorreo.pe,https://diariocorreo.pe?h=85112fe4029a60aa&src=tesis&v=1,,,,85112fe4029a60aaef3aa9bd400df75cf2a9c1bf3236bab04a4317ba99d38938,0
El Comercio PE,peruquiosco.pe,,https://web.peruquiosco.pe,https://web.peruquiosco.pe,https://web.peruquiosco.pe?h=b022dd7d6649e55f&src=tesis&v=1,,,,b022dd7d6649e55fe680308ff58aee9ba044c5bbf3760b505b61cb67d8723937,0
