fuente,fecha,titulo,texto,estado,url,url_canonica,url_hash,html_raw_path,fecha_crawl
Colombiacheck,,Audios atribuyen falsamente a autoridades de Cali supuestas alertas de bomba en sitios p√∫blicos,"Falso Falso Falso Falso Falso Falso Falso Falso
Falso
A trav√©s de nuestro Gato Chequeabot, nos pidieron verificar dos audios alarmistas que circulan a trav√©s de WhatsApp en Cali, en los que se les atribuyen a las autoridades varias supuestas amenazas de atentados terroristas con explosivos.
Uno alerta de posibles bombas en la Alcald√≠a, la Gobernaci√≥n del Valle del Cauca y un centro comercial de la ciudad. Otro advierte lo mismo sobre la Terminal de Transportes.
Ambos son falsos. Las autoridades del departamento y su capital no han confirmado ninguna amenaza de este tipo. Por el contrario, desmintieron los audios y pidieron no difundirlos.
Esta desinformaci√≥n aumenta la tensi√≥n despu√©s del atentado con cami√≥n bomba del 21 de agosto en las inmediaciones de la Escuela Militar de Aviaci√≥n 'Marco Fidel Su√°rez' en Cali, que dej√≥ seis muertos y m√°s de 80 heridos. El crimen fue cometido por el frente 'Jaime Mart√≠nez' del Estado Mayor Central, grupo disidente de las antiguas FARC bajo el comando de alias 'Iv√°n Mordisco'.
El audio en el que se atribuye falsamente el aviso a un supuesto informe de inteligencia divulgado en un consejo de seguridad en la Gobernaci√≥n del Valle del Cauca dice lo siguiente:
""Hola a todos. Por ac√° les estoy avisando que Ricardo me acaba de escribir que esta ma√±ana hubo un consejo de seguridad en la Gobernaci√≥n, que √©l estuvo en ese consejo de seguridad con la inteligencia militar que acaba de llegar a la ciudad, que hay amenaza de bomba para la Alcald√≠a, para la Gobernaci√≥n y tambi√©n para un centro comercial, pero que no se sabe cu√°l es. Entonces me dice Ricardo que si nos podemos abstener de ir a los centros comerciales, para que sepan y les comenten a las personas que conozcan"".
Las reuniones m√°s recientes de este tipo que se han realizado en Cali son del 21 de agosto, luego de la bomba en la Escuela de Aviaci√≥n, y el 4 de septiembre. Tras el primero, ni el secretario de Convivencia y Seguridad Ciudadana del Valle, Guillermo Londo√±o, ni el presidente Gustavo Petro mencionaron tales amenazas.
Por el contrario, la mentada dependencia departamental desminti√≥ el audio una semana m√°s tarde a trav√©s de su cuenta de X.
‚ö†Ô∏è Este audio que est√° circulando en WhatsApp y que se escucha en este video es FALSO. Invitamos a la ciudadan√≠a a verificar la informaci√≥n antes de compartirla y a romper la cadena para evitar la desinformaci√≥n y no generar p√°nico.#EvitaElP√°nico #RompeLaCadena pic.twitter.com/bjWPOGM1rO
El 4 de septiembre, hubo otro consejo de seguridad y no hubo ning√∫n pronunciamiento sobre las supuestas amenazas de bomba.
El otro audio afirma, sin mayores evidencias o detalles, que ""est√° amenazado el Terminal, ya me dijeron las autoridades que hay que estar alertas, cualquier maleta, cualquier cosa"".
El secretario de Seguridad y Justicia de Cali, Jairo Garc√≠a Guerrero, hizo un pronunciamiento en el que rechaz√≥ la difusi√≥n de audios falsos que buscan generar miedo e invit√≥ a los cale√±os a no grabar y difundir este tipo de mensajes:
""Hay que ser responsables. Hemos tenido momentos dif√≠ciles. Por eso, no aceptamos que ese tipo de audios se graben con el fin de generar miedo en la ciudadan√≠a (‚Ä¶) Entiendan que no se trata de un mensaje oficial, nosotros nos comunicamos como autoridades a trav√©s de medios oficiales y damos la informaci√≥n sobre cualquier tipo de riesgo o amenaza que sea latente o visible"".
La Alcald√≠a de Cali rechaza con firmeza la difusi√≥n de falsos audios y mensajes que solo buscan generar miedo y confusi√≥n en la comunidad. Nuestra ciudad ha enfrentado momentos dif√≠ciles y no merece que la irresponsabilidad genere zozobra en los cale√±os. pic.twitter.com/wdQUD7HFoM
Igualmente, el Terminal de Transportes inform√≥, a trav√©s de un comunicado, que la Fuerza P√∫blica verific√≥ la situaci√≥n y desminti√≥ que exista una amenaza de bomba en sus instalaciones. ""Hacemos un llamado a la responsabilidad c√≠vica: antes de compartir informaci√≥n que pueda generar p√°nico, invitamos a la comunidad a acercarse al CAI de la Polic√≠a ubicado en la Terminal para verificar cualquier situaci√≥n o novedad"", indic√≥.
En el explicador ""As√≠ son los audios con los que siembran el p√°nico en redes sociales"", contamos cu√°les son las caracter√≠sticas de este tipo de mensajes para que puedan identificarlos y eviten compartirlos.
En Colombiacheck hemos verificado otras desinformaciones que han circulado tras el m√°s reciente atentado terrorista en Cali, como un video antiguo de un accidente de avioneta que fue atribuido a este acto criminal y fotomontajes del imputado por el carro bomba con camisetas de Petro y la vicepresidenta Francia M√°rquez.",falso,https://colombiacheck.com/chequeos/audios-atribuyen-falsamente-autoridades-de-cali-supuestas-alertas-de-bomba-en-sitios,https://colombiacheck.com/chequeos/audios-atribuyen-falsamente-autoridades-de-cali-supuestas-alertas-de-bomba-en-sitios,4d95a9966e535c657c773079313c7c61ccaa1ccfee1e3cae49e73ccd3122767f,data/html/2025-09-05/4d95a9966e535c657c773079313c7c61ccaa1ccfee1e3cae49e73ccd3122767f.html,2025-09-05T04:57:14.436669
Colombiacheck,,Juicios al duelo de Claudia Tarazona y sus hijas por Miguel Uribe sacan de contexto fotos viejas,"Falso Falso Falso Falso Falso Falso Falso Falso
Falso
Una variedad de mensajes con juicios machistas y revictimizantes sobre el duelo de la abogada Mar√≠a Claudia Tarazona y sus hijas por el asesinato de su esposo, el pol√≠tico opositor Miguel Uribe Turbay, se valen de mostrar unas fotos viejas de ellas sonrientes como si fueran actuales.
Las afirmaciones, adem√°s de mis√≥ginas, son falsas. No es cierto que estas fotograf√≠as de Tarazona junto a sus hijas sean del ""exilio"" ni posteriores al crimen, sino que corresponden a un viaje familiar de febrero de 2023, hace m√°s de dos a√±os y medio. La desinformaci√≥n alcanz√≥ al menos 60.000 visualizaciones en diferentes plataformas. La mayor√≠a son de un trino del usuario 'jos√© el üßô‚Äç‚ôÇÔ∏èüßùüèª‚Äç‚ôÇÔ∏èüèÜüîÆüá®üá¥DARKHOLD' (@salcedorivales) en X.
Fue compartida sobre todo por cuentas y p√°ginas afines al gobierno de Gustavo Petro. Algunas ya han sido desmentidas por Colombiacheck en ocasiones anteriores, como üá®üá¥üá®üá¥üá®üá¥ PCüá®üá¥üá®üá¥üá®üá¥ (@pueblo._.colombiano) en Instagram y 'Mel'video' (1, 2) en Facebook. En esta red tambi√©n fue difundida por la p√°gina 'Peri√≥dico ElCivil. Com Oficial', un aparente medio de comunicaci√≥n de Quibd√≥ al que tambi√©n hemos verificado.
Una b√∫squeda inversa de una de las im√°genes arroj√≥ como resultado m√°s desinformaciones. Como en este listado no estaba la publicaci√≥n original, nos remitimos al perfil p√∫blico de Tarazona en Instagram. All√≠ se encuentra el carrusel de fotograf√≠as, cuya fecha de publicaci√≥n es el 8 de febrero de 2023.
Una publicaci√≥n compartida de Maria Claudia Tarazona (@maclaudiat)
Algunas de las desinformaciones aseguran que el lugar en el que se encuentra la familia en las im√°genes es Estados Unidos. Estos mensajes circularon luego de que Miguel Uribe Londo√±o, precandidato presidencial y padre de Uribe Turbay, manifest√≥ en Blu Radio que Tarazona estaba en ese pa√≠s desde ""hace unas semanas"".
Pero el paisaje de fondo no es del pa√≠s norteamericano, sino el Museo del Louvre y del r√≠o Sena en Par√≠s, como permite georeferenciar una b√∫squeda inversa. Tambi√©n se puede corroborar as√≠ con capturas de pantalla de Street View:
Estas publicaciones falsas siguen el libreto de otras que aluden a una supuesta millonaria pensi√≥n que le deja Miguel Uribe Turbay a su viuda, otra desinformaci√≥n que ya verificamos.
En X, 'jos√© el üßô‚Äç‚ôÇÔ∏èüßùüèª‚Äç‚ôÇÔ∏èüèÜüîÆüá®üá¥DARKHOLD' (@salcedorivales).
En Facebook: 'Memes SENA', que retoma la publicaci√≥n original de 'Colombia La Nuestra', adem√°s de 'Mel'video', Notichisme y el aparente medio chocoano 'Peri√≥dico ElCivil. Com Oficial'.
En Instagram, por la cuenta 'pueblo._.colombiano'.
En Threads, por ETERNO VALLENATOü™ó (@eterno_vallenato).",falso,https://colombiacheck.com/chequeos/juicios-al-duelo-de-claudia-tarazona-y-sus-hijas-por-miguel-uribe-sacan-de-contexto-fotos,https://colombiacheck.com/chequeos/juicios-al-duelo-de-claudia-tarazona-y-sus-hijas-por-miguel-uribe-sacan-de-contexto-fotos,13feaeb91df5d29358e51d4bf0091656508b48dbe87fd075042bd6a7967372eb,data/html/2025-09-05/13feaeb91df5d29358e51d4bf0091656508b48dbe87fd075042bd6a7967372eb.html,2025-09-05T04:57:15.160627
Colombiacheck,,Ataques machistas a Claudia Tarazona la revictimizan con mentiras sobre la herencia de Uribe Turbay,"Falso Falso Falso Falso Falso Falso Falso Falso
Falso
Varias publicaciones machistas atacan a la abogada Mar√≠a Claudia Tarazona, viuda del asesinado exsenador de oposici√≥n Miguel Uribe Turbay, al se√±alarla de beneficiarse con la muerte del excongresista del Centro Democr√°tico por medio de una supuesta herencia de la que dan valores falsos, pues dicen que ""le dej√≥ una mansi√≥n de m√°s de 10 mil millones de pesos y una pensi√≥n de m√°s de 51 millones de pesos mensual de por vida"" (sic).
El difunto aspirante presidencial no declar√≥ ser due√±o de bienes patrimoniales, de lo que tampoco hay registro en la Superintendencia de Notariado, sino que adeudaba cr√©ditos por m√°s de 1.000 millones de pesos. Adem√°s, en ning√∫n escenario es posible que la familia reciba 51 millones de pesos como pensi√≥n de sobrevivientes, que ser√≠a igual a lo que gana un legislador actualmente.
La desinformaci√≥n relaciona esta supuesta herencia con im√°genes adjuntas sin contexto del funeral de Uribe Turbay en las que a Tarazona se le ve una sonrisa, que ya han sido usadas en su contra en otra desinformaci√≥n que alienta la narrativa infundada y revictimizante de que el crimen fue un montaje para favorecer a la familia del exsenador. Los mensajes tambi√©n aluden a la vida sexual y reproductiva de la mujer como parte de un juicio machista.
Las im√°genes y videos que han circulado acumulan casi 3 millones de de visualizaciones en X, Instagram, Threads y Facebook, sobre todo en cuentas y p√°ginas afines al gobierno de Gustavo Petro, incluidas las del ""creador digital"" Richard Medina (@charryhumor) y el frecuente desinformador 'frailejon' (@HelverHafc). Adem√°s, usuarios de nuestro Gato Chequeabot de WhatsApp nos pidieron verificarlas.
Una primera b√∫squeda de la afirmaci√≥n no arroja ning√∫n tipo de noticia que confirme la existencia de la mansi√≥n de 10.000 millones a nombre de Uribe. Entre los resultados sale una investigaci√≥n de Casa Macondo que rese√±a que, en 1979, el narcotraficante Pablo Escobar adquiri√≥ un predio en Medell√≠n junto con un t√≠o del senador (que puso el equivalente a casi 700 millones de pesos actuales) y otros tres compradores, pero no se menciona ninguna relaci√≥n directa con el congresista, que no hab√≠a nacido.
Revisamos, por otro lado, la informaci√≥n de bienes y rentas de Uribe Trubay disponible por ley en el Sistema de Informaci√≥n y Gesti√≥n del Empleo P√∫blico (SIGEP). El documento, de septiembre del 2024, muestra que la suma del dinero en las cuentas de ahorro era de casi 22 millones de pesos.
Seg√∫n esta declaraci√≥n, el congresista no ten√≠a bienes patrimoniales. Por otro lado, como deudas, declar√≥ tres cr√©ditos que sumaban m√°s de 1.093 millones de pesos, un poco m√°s del 10% de lo que costar√≠a la hipot√©tica mansi√≥n.
Adem√°s de este documento elaborado por √©l mismo, Colombiacheck consult√≥ en la Superintendencia de Notariado y Registro si exist√≠an propiedades relacionadas con el n√∫mero de c√©dula Uribe Turbay. All√≠ tampoco apareci√≥ ninguna.
De acuerdo con el art√≠culo 46 de la Ley 100, la familia de quien fallece tiene derecho a la pensi√≥n de sobrevivientes siempre que el afiliado haya cotizado por lo menos 50 semanas dentro de los tres √∫ltimos a√±os inmediatamente anteriores a la muerte. Sobre el monto de la pensi√≥n, el art√≠culo 48 establece que, este es un porcentaje del ingreso base de liquidaci√≥n, un valor que se calcula con base en un promedio de los salarios u honorarios del difunto.
Si se han cotizado 500 semanas, se paga el 45% de ese monto. Adem√°s se agrega un 2% por cada 50 semanas adicionales de cotizaci√≥n, sin que sobrepase el 75% del ingreso.
As√≠, aunque el salario de congresista que ten√≠a Uribe cuando lo mataron s√≠ era de 51,5 millones de pesos, este monto se incorpora a la f√≥rmula de la mesada de sobrevivientes, pero no define su valor por s√≠ solo. A diferencia de lo que dice la desinformaci√≥n, este resultado ser√≠a mucho menor.
Adem√°s, como tambi√©n apunta Juliana Morad, directora del departamento de Derecho Laboral de la Universidad Javeriana, el Acto Legislativo 01 de 2005 reform√≥ la Constituci√≥n para que, a partir de julio de 2010, no se pudieran reconocer m√°s pensiones superiores a 25 salarios m√≠nimos. Este tope hoy es equivalente a 35,5 millones de pesos.
En un escenario hipot√©tico en el que Uribe Turbay hubiera trabajado de forma ininterrumpida desde los 18 a√±os hasta su asesinato, habr√≠a cotizado 1.095 semanas. Si todo ese tiempo hubiera devengado los 51'511.989 pesos de su √∫ltimo sueldo como senador, el resultado ser√≠a una pensi√≥n de sobrevivientes de 34'513.033 pesos.
Sin embargo, no siempre fue congresista sino que tuvo otros cargos con una menor remuneraci√≥n. Colombiacheck hizo una reconstrucci√≥n de su historia laboral p√∫blica con base en fuentes documentales como el programa de seguimiento Congreso Visible, de la Universidad de los Andes; el directorio del Departamento Administrativo de la Funci√≥n P√∫blica, su perfil personal y el publicado en el medio digital La Silla Vac√≠a.
Las fuentes sobre sus ingresos se encuentran a continuaci√≥n:
Con estos datos realizamos un c√°lculo aproximado que revisaron tanto Morad como la experta en pensiones Martha Susana Jaimes, investigadora del Institute for Women's Policy Research. Este an√°lisis es limitado al no poder incluir informaci√≥n de otros contratos o de posibles cargos distintos a los p√∫blicos.
As√≠ pues, Uribe Turbay habr√≠a cotizado al menos 535 semanas con un ingreso promedio aproximado de 21'330.142 pesos. Por tanto, si la pensi√≥n se calcula sobre estos ingresos y con las restricciones que se han advertido, ser√≠a de 45% esa base, es decir unos 9'598.564 pesos, menos de la quinta parte de lo que le endilgan en redes.
La desinformaci√≥n sobre la supuesta herencia se suma as√≠ a otros ataques revictimizantes que ha recibido Tarazona con falsedades que, desde el petrismo, han intentado alimentar el negacionismo del crimen contra su esposo. En este caso, con un componente adicional de misoginia.",falso,https://colombiacheck.com/chequeos/ataques-machistas-claudia-tarazona-la-revictimizan-con-mentiras-sobre-la-herencia-de-uribe,https://colombiacheck.com/chequeos/ataques-machistas-claudia-tarazona-la-revictimizan-con-mentiras-sobre-la-herencia-de-uribe,5b33825ac84fc31c2addb60956917dafad69bc517df5eea7c7ddc8717626df90,data/html/2025-09-05/5b33825ac84fc31c2addb60956917dafad69bc517df5eea7c7ddc8717626df90.html,2025-09-05T04:57:23.185152
Colombiacheck,,"Mentira sobre empleo del esposo de Agudelo, arma contra Balanta en guerra sucia por C. Constitucional","Falso Falso Falso Falso Falso Falso Falso Falso
Falso
Un mensaje viral en la red social X afirma falsamente que ""PETRO acaba de entregarle contratos al esposo de la senadora del partido MIRA Paola Agudelo par que vote por La candidata PETRISTA"" (sic) en la actual elecci√≥n para la Corte Constitucional, con base en una parte de un documento donde Andr√©s Rodolfo Rueda, pareja de la congresista, aparece vinculado al Fondo √önico de las Tecnolog√≠as de la Informaci√≥n y las Comunicaciones (Futic).
El trino de la cuenta 'Misi√≥n cumplida' (@ojocolombia2026), frecuente desinformadora de derecha, tiene m√°s de 111.200 visualizaciones y se refiere a la √∫nica mujer de la terna, Mar√≠a Patricia Balanta. Incluso advierte sin mayores evidencias que el mandatario ""quedar√° con el poder completo"" en el alto tribunal por cuenta del supuesto hecho denunciado.
Sin embargo, la publicaci√≥n es falsa. La Corte Suprema abri√≥ esta convocatoria para candidaturas a la Constitucional en junio de 2025. El documento utilizado como base de la mentira realmente corresponde a una declaraci√≥n de conflictos de inter√©s por un contrato que se ejecut√≥ y termin√≥ al final de 2024. No hay registros de vinculaciones m√°s recientes de Rueda con el Gobierno que realmente sean simult√°neas con este proceso de selecci√≥n.
Otras publicaciones en X y Facebook tambi√©n usaron esa imagen con mensajes parecidos para impulsar la misma narrativa. En la primera, uno de los usuarios que la comparti√≥ con m√°s impacto ‚Äìm√°s de 70.000 vistas‚Äì fue el activista Santiago Alvar√°n (@SALVARANM), frecuente desinformador de derecha que est√° en campa√±a por el precandidato presidencial Abelardo de la Espriella y el grupo pol√≠tico por el que recoge firmas para inscribirse, Defensores de la Patria.
El documento asociado a Andr√©s Rodolfo Rueda Garz√≥n, esposo de la primera vicepresidenta del Senado, Ana Paola Agudelo, no se refiere a un contrato actual. Es su declaraci√≥n de bienes, rentas y conflictos de intereses publicada el 1 de septiembre de 2024 en el sistema de consulta ciudadana del Departamento Administrativo de la Funci√≥n P√∫blica por una vinculaci√≥n que efectivamente tuvo con el Futic, unidad adscrita al Ministerio de Tecnolog√≠as de la Informaci√≥n y las Comunicaciones.
Seg√∫n el Sistema Electr√≥nico de Contrataci√≥n P√∫blica (Secop), la ejecuci√≥n empez√≥ a mediados de ese mes y termin√≥ el 31 de diciembre. La pareja de la congresista recibi√≥ unos 7,7 millones de pesos mensuales por por prestaci√≥n de servicios profesionales a la Oficina de Fomento Regional ""como apoyo en la implementaci√≥n de las estrategias de conectividad para promover y fomentar la gesti√≥n de pol√≠ticas, proyectos, planes, programas y estrategias orientadas al desarrollo, masificaci√≥n y acceso a internet"".
Rueda, que tambi√©n trabaj√≥ para Migraci√≥n Colombia en el gobierno derechista de Iv√°n Duque (2018-2022) y para Planeaci√≥n Nacional en el actual, no registra ninguna vinculaci√≥n m√°s reciente con el Estado. De hecho, como tambi√©n constataron nuestros colegas de La Silla Vac√≠a, actualmente no aparece en el directorio del Sistema de Informaci√≥n y Gesti√≥n del Empleo P√∫blico (Sigep), que administra Funci√≥n P√∫blica.
Por tanto, es falso que Petro ""acaba de entregarle"" el contrato en cuesti√≥n para que Agudelo vote por Balanta en septiembre de 2025. Incluso en marzo, ya meses despu√©s de ese trabajo de su esposo, la senadora se quej√≥ p√∫blicamente por ataques que recibi√≥ del presidente, en medio del debate sobre la reforma laboral del gobierno a la que se opusieron ella y su partido, declarado oficialmente en independencia.
Contrario a la narrativa viral, el contrato en cuesti√≥n no guarda ninguna relaci√≥n con las fechas para la escogencia de la persona que reemplazar√° al magistrado constitucional Jos√© Fernando Reyes, quien terminar√° su periodo en septiembre. Adem√°s, el Gobierno no tuvo participaci√≥n directa en esta selecci√≥n.
El proceso arranc√≥ con la convocatoria p√∫blica 02-2025, abierta por la Corte Suprema de Justicia el 8 de junio, en la que se recibieron 68 postulaciones. Tras la evaluaci√≥n de requisitos, entrevistas y filtros, la terna qued√≥ conformada el 14 de agosto por Patricia Balanta Medina, Carlos Camargo Assis y Jaime Humberto Tobar.
Es decir que todo esto fue entre cinco y siete meses despu√©s de terminado el trabajo de Rueda para el Futic y que las candidaturas que estudia el Senado fueron definidas en la Rama Judicial. Aunque la Presidencia s√≠ est√° a cargo de postular personas para otras sillas de la Corte Constitucional, este no es el caso en la del saliente Reyes y, por tanto, Petro no fue quien propuso a Balanta ni a los dem√°s.
El Senado, conforme a la Constituci√≥n (art. 239) y la Ley 5 de 1992, tiene la facultad de elegir a los magistrados de este alto tribunal a partir de las ternas presentadas, seg√∫n el caso, por la Corte Suprema, el Presidente o el Consejo de Estado. Esta vez, la votaci√≥n se realizar√° este mi√©rcoles, 3 de septiembre.
Hasta ahora, seg√∫n an√°lisis de medios de comunicaci√≥n, est√° dividido en empate a 52 votos entre Balanta y Camargo. El exdefensor del pueblo, cuestionado por clientelismo y familiar de pol√≠ticos conservadores de C√≥rdoba, es el candidato de la derecha.
La actual magistrada y expresidenta del Tribunal Superior de Buga acumula 45 a√±os de experiencia judicial y recientemente ha negado cualquier v√≠nculo con el gobierno. No obstante, cuenta con el respaldo de la bancada oficialista, la gobernadora del Valle del Cauca y baronesa del Partido de la U, Dilian Francisca Toro, y sectores de Cambio Radical y Alianza Verde.
Seg√∫n el art√≠culo 241 de la Constituci√≥n Pol√≠tica, la Corte Constitucional es un √≥rgano aut√≥nomo e independiente, cuya funci√≥n es guardar la integridad y supremac√≠a de la Constituci√≥n, no actuar bajo directrices del Ejecutivo. Est√° compuesta por nueve magistrados elegidos para per√≠odos individuales de ocho a√±os de ternas, como ya se dijo, presentadas por instituciones distintas.
Solo tres asientos corresponden a postulaciones provenientes de la Presidencia. Dos de estos han sido puestos por Petro a consideraci√≥n del Senado: su exsecretario jur√≠dico Vladimir Fern√°ndez y su exabogado H√©ctor Carvajal. La tercera, Paola Meneses, fue postulada por el gobierno de su amigo Iv√°n Duque, en el que trabaj√≥, y su periodo va hasta 2029, bajo la pr√≥xima administraci√≥n.
Un an√°lisis de La Silla Vac√≠a mostr√≥ que al menos seis integrantes del tribunal hasta finales de mayo, cuando se public√≥ la nota, votaban de forma variable con respecto a los proyectos y pol√≠ticas del petrismo; es decir, a veces a favor y a veces en contra, por lo que no hab√≠a bloques definidos. Sumados al √∫nico opositor casi seguro (su actual presidente, Jorge Ib√°√±ez), pod√≠an hacer mayor√≠as contrarias.
Desde entonces, el √∫nico cambio ha sido justamente la entrada de Carvajal. En consecuencia, las cuentas no le dar√≠an el alegado ""poder completo"" al mandatario, incluso si Balanta resultara electa y fuera de su bolsillo.
As√≠, la desinformaci√≥n sobre el contrato de Rueda es parte de una guerra sucia de derecha contra la ternada. Lo que busca es tratar de darle peso a esa narrativa sobre el supuesto control de la Corte por parte del gobierno Petro, una amenaza sin bases s√≥lidas en la configuraci√≥n del ente judicial.
X:
Misi√≥n cumplida (@ojocolombia2026), cuenta propagandista desinformadora de derecha.
Santiago Alvar√°n (@SALVARANM), activista a quien tambi√©n hemos desmentido antes.
'DESTRUCTOR II De Mamertos' (@waldoalarconho1), otro frecuente desinformador de derecha.
Facebook:
Grupo 'Gente Uribista y de Derecha'.",falso,https://colombiacheck.com/chequeos/mentira-sobre-empleo-del-esposo-de-agudelo-arma-contra-balanta-en-guerra-sucia-por-c,https://colombiacheck.com/chequeos/mentira-sobre-empleo-del-esposo-de-agudelo-arma-contra-balanta-en-guerra-sucia-por-c,dd3f818bb5697e1228c0b53d6d19d55c24b28a52d39550bac5a0dea66ca6f144,data/html/2025-09-05/dd3f818bb5697e1228c0b53d6d19d55c24b28a52d39550bac5a0dea66ca6f144.html,2025-09-05T04:57:24.252428
Colombiacheck,,Montaje de video que muestra una captura ficticia de Maduro habr√≠a sido creado con IA,"Falso Falso Falso Falso Falso Falso Falso Falso
Falso
Un video manipulado muestra al gobernante de Venezuela, Nicol√°s Maduro, supuestamente siendo detenido por dos militares y luego subido a un avi√≥n.
El montaje circula en redes sociales con el mensaje: ""Por fin!!! Capturado"" (sic).
El contenido es falso. Maduro no ha sido capturado y la grabaci√≥n fue manipulada digitalmente, al parecer, con inteligencia artificial (IA).
La desinformaci√≥n se difundi√≥ despu√©s de que el Gobierno de Estados Unidos acus√≥ al mandatario venezolano de liderar el 'Cartel de los Soles', una red de tr√°fico de drogas que involucra a pol√≠ticos y militares del pa√≠s suramericano, y aument√≥ a 50 millones de d√≥lares la recompensa por informaci√≥n que conduzca a su captura.
El video, de 13 segundos, fue publicado el 21 de agosto en Facebook por la creadora digital Daniela Michelson, cuyo contenido es principalmente de memes. A la fecha supera los 4 millones de reproducciones y tiene 19.000 reacciones. Tambi√©n fue difundido por el canal de YouTube 'El mermas' (@luzadrianaguevara1295), que publica contenido de entretenimiento.
Una b√∫squeda en Google con las palabras clave ""capturan a Nicol√°s Maduro"" o ""detenci√≥n de Nicol√°s Maduro"" no arroj√≥ reportes de medios internacionales que confirmen su captura. Adem√°s, despu√©s del 21 de agosto, Maduro ha aparecido en eventos p√∫blicos en Venezuela (1, 2, 3).
Las im√°genes que muestran al mandatario sentado al lado de dos banderas, una de Venezuela y otra blanca, corresponden a una reuni√≥n del 11 de marzo de 2025 en el Ministerio del Poder Popular de Econom√≠a y Finanzas. A este video se le agregaron digitalmente los dos militares que lo detienen, porque no aparecen en la grabaci√≥n original.
As√≠ mismo, la imagen de Maduro de pie en la puerta de un avi√≥n corresponde al jet privado en el que realizaba viajes internacionales y que fue confiscado por Estados Unidos en Rep√∫blica Dominicana y trasladado a Fort Lauderdale en 2024, como se puede ver en esta nota de Telemundo 51. Al video tambi√©n le agregaron digitalmente los militares que lo suben a la aeronave.
Al analizar el video, encontramos algunos indicios de que una parte pudo haber sido generada con inteligencia artificial. Por ejemplo, cuando los militares levantan de la silla a Maduro, en algunos fragmentos la mano de uno de ellos se ve difuminada o m√°s peque√±a.
Luego, cuando le dan la vuelta a Maduro para subirlo al avi√≥n, el militar del lado izquierdo parece que estuviera en el aire porque su posici√≥n no se corresponde con la elevaci√≥n de la puerta del avi√≥n. Adem√°s, la cara de Maduro se ve distinta, m√°s redonda.
Como una parte del video usa im√°genes reales, revisamos los fotogramas en los que Maduro es capturado con Hive Moderation y WasItAi, herramientas para detectar contenido generado con inteligencia artificial. Ambas coincidieron en que es probable que las im√°genes hayan sido creadas con esta tecnolog√≠a.
Algunos videos tambi√©n pueden ser manipulados con aplicaciones de edici√≥n como Adobe After Effects como lo hicieron con este de Donald Trump supuestamente bailando en el techo de la Casa Blanca.
En Colombiacheck verificamos recientemente una imagen falsa de Maduro siendo apresado por militares de Estados Unidos. Igualmente, nuestros colegas de La Silla Vac√≠a, Fast Check y El Sabueso de Animal Pol√≠tico tambi√©n han desmentido desinformaciones similares.",falso,https://colombiacheck.com/chequeos/montaje-de-video-que-muestra-una-captura-ficticia-de-maduro-habria-sido-creado-con-ia,https://colombiacheck.com/chequeos/montaje-de-video-que-muestra-una-captura-ficticia-de-maduro-habria-sido-creado-con-ia,cd37d28bac823e0a6b4ff04059d91945255d718773b9fd07ec2722fcc898f4bd,data/html/2025-09-05/cd37d28bac823e0a6b4ff04059d91945255d718773b9fd07ec2722fcc898f4bd.html,2025-09-05T04:57:27.523814
Colombiacheck,,Pelea ficticia entre Petro y Jorge Alfredo Vargas fue creada con IA,"Falso Falso Falso Falso Falso Falso Falso Falso
Falso
A trav√©s de nuestro Gato Chequeabot, nos pidieron verificar un video que afirma falsamente que el presidente Gustavo Petro fue expulsado de un programa llamado 'Vive Bogot√°' tras un acalorado enfrentamiento con el periodista Jorge Alfredo Vargas.
No hay registros de que esta situaci√≥n haya ocurrido. El audiovisual fue creado por un canal de YouTube que difunde historias ficticias y que incluso lo advierte al inicio. Adem√°s, no existe registro de ning√∫n espacio con ese nombre donde trabaje el reconocido presentador.
El video fue difundido el 26 de agosto en Facebook por el influenciador de derecha Mauricio Mart√≠nez Triana, 'Mauricio MatriOficial', quien fue candidato a la Asamblea de Santander por el partido opositor Centro Democr√°tico y es un desinformador frecuente (1, 2, 3, 4). La publicaci√≥n supera las 8.000 reacciones y tiene 351.000 reproducciones.
En el video, aseguran que ""es una historia real que sacudi√≥ a los medios colombianos"". Sin embargo, una b√∫squeda en Google con las palabras clave ""Gustavo Petro es expulsado de Vive Bogot√°"", no arroj√≥ ninguna publicaci√≥n de la supuesta noticia.
Tambi√©n afirman que el supuesto espacio televisivo es el programa matutino m√°s visto en la capital del pa√≠s, pero no hay evidencia de su existencia ni de que all√≠ trabaje Vargas. Actualmente, el periodista es presentador de Noticias Caracol y director de Voz Populi de Blu Radio y Voz Populi Te Ve de Caracol Televisi√≥n, con audiencia nacional.
El video, que tiene unas fotos fijas de Vargas y Petro, fue publicado inicialmente el 21 de agosto por el canal de YouTube 'Historias Cautivantes', que advierte que ""esta historia es completamente ficticia y ha sido creada con fines de entretenimiento y reflexi√≥n"". No obstante, en los comentarios algunas personas creen que es real.
El canal tiene otros contenidos similares con im√°genes del presidente y narraciones de supuestos hechos protagonizados con periodistas, mandatarios de otros pa√≠ses y guerrilleros. En la descripci√≥n dice que es ""un canal dedicado a compartir relatos de ficci√≥n"" y advierte que el contenido es ""alterado o sint√©tico"", es decir, que el sonido y las im√°genes han sido editados digitalmente o generados con IA.
Al analizar un fragmento del audio del video con el detector de clonaci√≥n de voz de la herramienta InVID ‚Äì WeVerify, arroj√≥ una probabilidad del 99% de haber sido generado con inteligencia artificial.
En Colombiacheck hemos verificado otras desinformaciones similares con audios e im√°genes generadas con IA, como falsas entrevistas a Petro y al exfutbolista Carlos 'Pibe' Valderrama o supuestos mensajes del papa Le√≥n XIV.",falso,https://colombiacheck.com/chequeos/pelea-ficticia-entre-petro-y-jorge-alfredo-vargas-fue-creada-con-ia,https://colombiacheck.com/chequeos/pelea-ficticia-entre-petro-y-jorge-alfredo-vargas-fue-creada-con-ia,0ba76b4da72dfd09141a99e70da276c4e3de9812c3cad709a58dcb904d40deb2,data/html/2025-09-05/0ba76b4da72dfd09141a99e70da276c4e3de9812c3cad709a58dcb904d40deb2.html,2025-09-05T04:57:30.711520
Colombiacheck,,"Imagen de Maduro arrestado, creada con IA, circula en medio de tensiones entre Venezuela y EE. UU.","Falso Falso Falso Falso Falso Falso Falso Falso
Falso
A nuestro Gato Chequeabot nos lleg√≥ una imagen falsa del gobernante de Venezuela, Nicol√°s Maduro, llorando y apresado por militares, que circula mientras Estados Unidos despliega nav√≠os y tropas en el Caribe para combatir el narcotr√°fico, con el que relaciona al mandatario venezolano.
La aparente foto en realidad fue creada con inteligencia artificial (IA), seg√∫n pudimos corroborar por los indicios de esta tecnolog√≠a en los detalles del mismo contenido, los resultados de detectores especializados y la marca de agua perteneciente a Grok, el modelo de lenguaje desarrollado por X. Adem√°s, tampoco hay evidencia en Google que la respalde.
Maduro ha sido acusado por la administraci√≥n de Donald Trump de liderar el Cartel de los Soles, una red de tr√°fico de drogas que involucra a militares y pol√≠ticos del pa√≠s suramericano, y la Casa Blanca lo cataloga de ""l√≠der fugitivo de un cartel narcoterrorista"". En respuesta, el r√©gimen venezolano ha anunciado el despliegue de milicianos ante un posible ""asedio"".
Al revisar la imagen, observamos en la esquina, solapada por un texto, una marca de agua del chatbot de inteligencia artificial de X, Grok, a trav√©s del cual se pueden generar este tipo de archivos. Con esta plataforma han sido fabricadas otros montajes que ya hemos verificado (1, 2).
Tambi√©n identificamos elementos extra√±os en la imagen que evidencian el uso de esta tecnolog√≠a: los dedos de la mano izquierda de Maduro aparecen fusionados, falta la cadena que deber√≠a unir las esposas, la mano que sostiene su brazo presenta deformidades y la insignia en la gorra de los militares se muestra distinta o con formas abstractas en cada caso.
Los uniformes de los soldados s√≠ se parecen a los del Ej√©rcito de Estados Unidos.
Las herramientas de detecci√≥n de IA Hive Moderation y WasItAi, coincidieron en que la publicaci√≥n fue creada con inteligencia artificial.
De igual manera, hicimos una b√∫squeda inversa con Google Lens de la fotograf√≠a, pero no nos apareci√≥ ninguna noticia o rese√±a que confirmaran su veracidad. Adem√°s, en las √∫ltimas semanas, Maduro ha aparecido en eventos p√∫blicos en Venezuela (1, 2, 3).
Todos estos resultados, m√°s el an√°lisis contextual mencionado, nos permiten concluir que en efecto se trata una imagen generada con IA y que aprovecha la tensi√≥n actual entre Venezuela y Estados Unidos.
En Facebook:",falso,https://colombiacheck.com/chequeos/imagen-de-maduro-arrestado-creada-con-ia-circula-en-medio-de-tensiones-entre-venezuela-y,https://colombiacheck.com/chequeos/imagen-de-maduro-arrestado-creada-con-ia-circula-en-medio-de-tensiones-entre-venezuela-y,03d68706bdfb403cd1112c54395455e718bf0c7ea28a085de3b8faf4a4a39682,data/html/2025-09-05/03d68706bdfb403cd1112c54395455e718bf0c7ea28a085de3b8faf4a4a39682.html,2025-09-05T04:57:32.521278
Colombiacheck,,Una IA habr√≠a creado este montaje de √Ålvaro Uribe V√©lez en la tumba de Miguel Uribe Turbay,"Falso Falso Falso Falso Falso Falso Falso Falso
Falso
Un montaje que circula en redes muestra al expresidente √Ålvaro Uribe arrodillado, envuelto en una bandera de Colombia y con un ramo de rosas blancas en la mano, frente a la tumba del asesinado exsenador Miguel Uribe Turbay, quien era precandidato presidencial del partido Centro Democr√°tico, fundado por el exmandatario.
La imagen presenta se√±ales de haber sido generada con inteligencia artificial (IA). Entre los indicios est√°n los textos ilegibles o mal escritos en la l√°pida y detalles difusos en las manos, caracter√≠sticas comunes en im√°genes creadas por esa tecnolog√≠a.
Aunque es cierto que Uribe V√©lez s√≠ estuvo en la tumba de Turbay, esto ocurri√≥ dos d√≠as despu√©s de que circularon las primeras publicaciones con la manipulaci√≥n. La imagen original de la visita no corresponde a la que se viraliz√≥.
Una de las desinformaciones con esta imagen con m√°s alcance fue hecha en Facebook por el usuario H√©ctor Julio Ram√≠rez Sierra el 21 de agosto. All√≠ acumul√≥ m√°s de 879.000 visualizaciones, 15.000 reacciones, 3.300 compartidos y 2.600 comentarios hasta la fecha.
Adem√°s, medios de comunicaci√≥n como la emisora Guarne Est√©reo 88.1 FM y la p√°gina Noticias Cartagena en Facebook la dieron por cierta. El portal Meridiano Regional incluso la us√≥ en una nota sobre la precandidatura presidencial de Miguel Uribe Londo√±o, exdirector del Centro Democr√°tico y padre del asesinado excongresista, en relevo de su hijo.
Como primer paso para verificar, realizamos una b√∫squeda inversa en Google Lens que arroj√≥ coincidencias con fotograf√≠as aut√©nticas de la tumba de Miguel Uribe Turbay, pero en ninguna aparece el expresidente √Ålvaro Uribe.
Por ejemplo, en un trino de Humberto Rafael 'Papo' Am√≠n, concejal de Bogot√° por el Centro Democr√°tico, se observa el mismo encuadre de la tumba, decorada con las mismas rosas blancas que aparecen en la imagen viral. Esta misma fotograf√≠a tambi√©n se encuentra en una publicaci√≥n de la p√°gina de Facebook 'Sur Noticias PC', lo que indica que el fondo corresponde a una imagen real previamente difundida.
Al comparar la imagen viral con fotograf√≠as aut√©nticas, encontramos varios indicios que sugieren que fue generada o alterada con inteligencia artificial:
Tambi√©n analizamos la fotograf√≠a con herramientas especializadas como WasItAI, Hive Moderation y SightEngine. Todas coincidieron en que existe una baja probabilidad de que la imagen fuera generada por inteligencia artificial. No obstante, como hemos explicado en otros chequeos, estas herramientas no ofrecen certeza absoluta, sino estimaciones basadas en factores como la calidad y caracter√≠sticas del archivo.
Aun as√≠, los indicios visuales detectados (como el nombre mal escrito, las anomal√≠as en la mano y la fecha err√≥nea) permiten concluir que se trata de un montaje y que es altamente probable que se haya creado o alterado con IA.
Realizamos una b√∫squeda en la web con la frase ""√Ålvaro Uribe visita la tumba de Miguel Uribe"", lo que nos llev√≥ a una nota publicada por Semana el 23 de agosto. En esta, el medio inform√≥ que el expresidente visit√≥ la sepultura del exsenador.
Seg√∫n el art√≠culo, esta fue la primera visita del exmandatario despu√©s de haber sido liberado de prisi√≥n domiciliaria para esperar el resultado de la apelaci√≥n que su defensa present√≥ contra la condena que se le impuso en primera instancia por soborno de testigos en actuaci√≥n penal y fraude procesal, con una pena de 12 a√±os. Sin embargo, la fecha confirma que la desinformaci√≥n comenz√≥ a circular al menos dos d√≠as antes de la visita real.
Al comparar las im√°genes, se observan diferencias claras:
Esta desinformaci√≥n circul√≥ en medio del impacto nacional por el asesinato del senador Miguel Uribe Turbay ‚Äîhecho que, adem√°s, gener√≥ otras desinformaciones que verificamos‚Äî y en un contexto de expectativa por la liberaci√≥n del expresidente √Ålvaro Uribe tras la apelaci√≥n a su condena.",verdadero,https://colombiacheck.com/chequeos/una-ia-habria-creado-este-montaje-de-alvaro-uribe-velez-en-la-tumba-de-miguel-uribe-turbay,https://colombiacheck.com/chequeos/una-ia-habria-creado-este-montaje-de-alvaro-uribe-velez-en-la-tumba-de-miguel-uribe-turbay,010c8815731f5435bc11a132d4fb53e1943ce5c15d4805204f5c0a8a9fbbe894,data/html/2025-09-05/010c8815731f5435bc11a132d4fb53e1943ce5c15d4805204f5c0a8a9fbbe894.html,2025-09-05T04:57:25.084608
Colombiacheck,,Video de Uribe abucheado en Uniagustiniana es viejo y no despu√©s de salir de su casa por c√°rcel,"Cuestionable Cuestionable Cuestionable Cuestionable Cuestionable Cuestionable Cuestionable Cuestionable
Cuestionable
Cuentas principalmente afines al gobierno de Gustavo Petro est√°n haciendo pasar como reciente un video viejo del expresidente √Ålvaro Uribe siendo abucheado por estudiantes de la Universidad Agustiniana, en Bogot√°, durante un evento.¬†
Estas publicaciones son cuestionables. El hecho sucedi√≥ en abril de 2024 cuando el fundador del partido opositor Centro Democr√°tico particip√≥ en un conversatorio. Por lo tanto, no es actual, como sugieren al sacarlo de contexto.
La desinformaci√≥n circula ahora porque Uribe se encuentra libre luego de haber sido condenado a finales de julio a 12 a√±os de prisi√≥n domiciliaria por fraude procesal y soborno a testigos. Aunque alcanz√≥ a estar privado de la libertad, el Tribunal Superior de Bogot√° orden√≥ su salida inmediata mientras resuelve la apelaci√≥n de su sentencia en segunda instancia.
La tergiversaci√≥n sobre su abucheo acumula al menos 200.000 visualizaciones en X, Instagram y Facebook. Otras desinformaciones han hecho uso de videos similares, tales como la vez le insultaron en un evento en la universidad de Los Andes, en Bogot√°; Universidad Icesi, en Cali; en un centro comercial de Cartagena, entre otros.
La grabaci√≥n, en la mayor√≠a de los casos, lleva el logo del medio Publimetro. En una b√∫squeda inversa con Google Lens hallamos la publicaci√≥n original en el perfil de Instagram de ese medio el 16 de abril de 2024. En su post no ofrece mayor contexto del suceso.¬†
¬†
A post shared by Publimetro Colombia (@publimetrocol)
Otras noticias del momento especifican que las arengas ocurrieron mientras el expresidente participaba el 15 de abril de ese a√±o en un di√°logo sobre la paz en Colombia, bajo el t√≠tulo ""La paz en Colombia: un compromiso de todos, un compromiso de nadie"" (1, 2).
Esta informaci√≥n tambi√©n la confirmamos en la invitaci√≥n difundida por la universidad en su cuenta en X:
¬†
üó£Ô∏è Llega a la Uniagustiniana un nuevo encuentro de Humanidades en la Academia. Esta vez nos acompa√±ar√° el expresidente @AlvaroUribeVel en el #CampusTagaste. ¬°Ag√©ndate con nosotros! pic.twitter.com/E42QtiuIrc
Uribe se refiri√≥ ese d√≠a al incidente, asegurando que quienes lo insultaron se salieron del auditorio y agradeci√≥ a ""a los muchos que se quedaron, permitieron la discusi√≥n"".¬†
¬†
Gracias Universidad Agustiniana. Sur de Bogot√°. Unos pocos me insultaron, se salieron. Gracias a los muchos que se quedaron, permitieron la discusi√≥n. pic.twitter.com/vD2SQlWL0s
Esta fue una de las 17 visitas que hizo el exfuncionario a universidades del pa√≠s desde 2018, cuando la Corte Suprema de Justicia encontr√≥ indicios para investigarlo por soborno en actuaci√≥n penal y fraude procesal, hasta mediados del a√±o pasado, seg√∫n una investigaci√≥n de Cuesti√≥n P√∫blica.¬†
Con base en los elementos citados, concluimos que son cuestionables las publicaciones que est√°n haciendo pasar como actual el video del expresidente Uribe siendo amedrentado en Uniagustiniana, pues esto ocurri√≥ en 2024.¬†
En X:¬†
En Facebook:",dudoso,https://colombiacheck.com/chequeos/video-de-uribe-abucheado-en-uniagustiniana-es-viejo-y-no-despues-de-salir-de-su-casa-por,https://colombiacheck.com/chequeos/video-de-uribe-abucheado-en-uniagustiniana-es-viejo-y-no-despues-de-salir-de-su-casa-por,3d9c48a0928e37a81133661b48408c0749c0c50ff6a432df12b8a0933c9402fa,data/html/2025-09-05/3d9c48a0928e37a81133661b48408c0749c0c50ff6a432df12b8a0933c9402fa.html,2025-09-05T04:57:30.248528
