fuente;fecha;titulo;texto;estado;url;url_canonica;url_hash;html_raw_path;fecha_crawl
Colombiacheck;;Audios atribuyen falsamente a autoridades de Cali supuestas alertas de bomba en sitios públicos;"Falso Falso Falso Falso Falso Falso Falso Falso
Falso
A través de nuestro Gato Chequeabot, nos pidieron verificar dos audios alarmistas que circulan a través de WhatsApp en Cali, en los que se les atribuyen a las autoridades varias supuestas amenazas de atentados terroristas con explosivos.
Uno alerta de posibles bombas en la Alcaldía, la Gobernación del Valle del Cauca y un centro comercial de la ciudad. Otro advierte lo mismo sobre la Terminal de Transportes.
Ambos son falsos. Las autoridades del departamento y su capital no han confirmado ninguna amenaza de este tipo. Por el contrario, desmintieron los audios y pidieron no difundirlos.
Esta desinformación aumenta la tensión después del atentado con camión bomba del 21 de agosto en las inmediaciones de la Escuela Militar de Aviación 'Marco Fidel Suárez' en Cali, que dejó seis muertos y más de 80 heridos. El crimen fue cometido por el frente 'Jaime Martínez' del Estado Mayor Central, grupo disidente de las antiguas FARC bajo el comando de alias 'Iván Mordisco'.
El audio en el que se atribuye falsamente el aviso a un supuesto informe de inteligencia divulgado en un consejo de seguridad en la Gobernación del Valle del Cauca dice lo siguiente:
""Hola a todos. Por acá les estoy avisando que Ricardo me acaba de escribir que esta mañana hubo un consejo de seguridad en la Gobernación, que él estuvo en ese consejo de seguridad con la inteligencia militar que acaba de llegar a la ciudad, que hay amenaza de bomba para la Alcaldía, para la Gobernación y también para un centro comercial, pero que no se sabe cuál es. Entonces me dice Ricardo que si nos podemos abstener de ir a los centros comerciales, para que sepan y les comenten a las personas que conozcan"".
Las reuniones más recientes de este tipo que se han realizado en Cali son del 21 de agosto, luego de la bomba en la Escuela de Aviación, y el 4 de septiembre. Tras el primero, ni el secretario de Convivencia y Seguridad Ciudadana del Valle, Guillermo Londoño, ni el presidente Gustavo Petro mencionaron tales amenazas.
Por el contrario, la mentada dependencia departamental desmintió el audio una semana más tarde a través de su cuenta de X.
⚠️ Este audio que está circulando en WhatsApp y que se escucha en este video es FALSO. Invitamos a la ciudadanía a verificar la información antes de compartirla y a romper la cadena para evitar la desinformación y no generar pánico.#EvitaElPánico #RompeLaCadena pic.twitter.com/bjWPOGM1rO
El 4 de septiembre, hubo otro consejo de seguridad y no hubo ningún pronunciamiento sobre las supuestas amenazas de bomba.
El otro audio afirma, sin mayores evidencias o detalles, que ""está amenazado el Terminal, ya me dijeron las autoridades que hay que estar alertas, cualquier maleta, cualquier cosa"".
El secretario de Seguridad y Justicia de Cali, Jairo García Guerrero, hizo un pronunciamiento en el que rechazó la difusión de audios falsos que buscan generar miedo e invitó a los caleños a no grabar y difundir este tipo de mensajes:
""Hay que ser responsables. Hemos tenido momentos difíciles. Por eso, no aceptamos que ese tipo de audios se graben con el fin de generar miedo en la ciudadanía (…) Entiendan que no se trata de un mensaje oficial, nosotros nos comunicamos como autoridades a través de medios oficiales y damos la información sobre cualquier tipo de riesgo o amenaza que sea latente o visible"".
La Alcaldía de Cali rechaza con firmeza la difusión de falsos audios y mensajes que solo buscan generar miedo y confusión en la comunidad. Nuestra ciudad ha enfrentado momentos difíciles y no merece que la irresponsabilidad genere zozobra en los caleños. pic.twitter.com/wdQUD7HFoM
Igualmente, el Terminal de Transportes informó, a través de un comunicado, que la Fuerza Pública verificó la situación y desmintió que exista una amenaza de bomba en sus instalaciones. ""Hacemos un llamado a la responsabilidad cívica: antes de compartir información que pueda generar pánico, invitamos a la comunidad a acercarse al CAI de la Policía ubicado en la Terminal para verificar cualquier situación o novedad"", indicó.
En el explicador ""Así son los audios con los que siembran el pánico en redes sociales"", contamos cuáles son las características de este tipo de mensajes para que puedan identificarlos y eviten compartirlos.
En Colombiacheck hemos verificado otras desinformaciones que han circulado tras el más reciente atentado terrorista en Cali, como un video antiguo de un accidente de avioneta que fue atribuido a este acto criminal y fotomontajes del imputado por el carro bomba con camisetas de Petro y la vicepresidenta Francia Márquez.";falso;https://colombiacheck.com/chequeos/audios-atribuyen-falsamente-autoridades-de-cali-supuestas-alertas-de-bomba-en-sitios;https://colombiacheck.com/chequeos/audios-atribuyen-falsamente-autoridades-de-cali-supuestas-alertas-de-bomba-en-sitios;4d95a9966e535c657c773079313c7c61ccaa1ccfee1e3cae49e73ccd3122767f;data/html/2025-09-05/4d95a9966e535c657c773079313c7c61ccaa1ccfee1e3cae49e73ccd3122767f.html;2025-09-05T04:57:14.436669
Colombiacheck;;Juicios al duelo de Claudia Tarazona y sus hijas por Miguel Uribe sacan de contexto fotos viejas;"Falso Falso Falso Falso Falso Falso Falso Falso
Falso
Una variedad de mensajes con juicios machistas y revictimizantes sobre el duelo de la abogada María Claudia Tarazona y sus hijas por el asesinato de su esposo, el político opositor Miguel Uribe Turbay, se valen de mostrar unas fotos viejas de ellas sonrientes como si fueran actuales.
Las afirmaciones, además de misóginas, son falsas. No es cierto que estas fotografías de Tarazona junto a sus hijas sean del ""exilio"" ni posteriores al crimen, sino que corresponden a un viaje familiar de febrero de 2023, hace más de dos años y medio. La desinformación alcanzó al menos 60.000 visualizaciones en diferentes plataformas. La mayoría son de un trino del usuario 'josé el 🧙‍♂️🧝🏻‍♂️🏆🔮🇨🇴DARKHOLD' (@salcedorivales) en X.
Fue compartida sobre todo por cuentas y páginas afines al gobierno de Gustavo Petro. Algunas ya han sido desmentidas por Colombiacheck en ocasiones anteriores, como 🇨🇴🇨🇴🇨🇴 PC🇨🇴🇨🇴🇨🇴 (@pueblo._.colombiano) en Instagram y 'Mel'video' (1, 2) en Facebook. En esta red también fue difundida por la página 'Periódico ElCivil. Com Oficial', un aparente medio de comunicación de Quibdó al que también hemos verificado.
Una búsqueda inversa de una de las imágenes arrojó como resultado más desinformaciones. Como en este listado no estaba la publicación original, nos remitimos al perfil público de Tarazona en Instagram. Allí se encuentra el carrusel de fotografías, cuya fecha de publicación es el 8 de febrero de 2023.
Una publicación compartida de Maria Claudia Tarazona (@maclaudiat)
Algunas de las desinformaciones aseguran que el lugar en el que se encuentra la familia en las imágenes es Estados Unidos. Estos mensajes circularon luego de que Miguel Uribe Londoño, precandidato presidencial y padre de Uribe Turbay, manifestó en Blu Radio que Tarazona estaba en ese país desde ""hace unas semanas"".
Pero el paisaje de fondo no es del país norteamericano, sino el Museo del Louvre y del río Sena en París, como permite georeferenciar una búsqueda inversa. También se puede corroborar así con capturas de pantalla de Street View:
Estas publicaciones falsas siguen el libreto de otras que aluden a una supuesta millonaria pensión que le deja Miguel Uribe Turbay a su viuda, otra desinformación que ya verificamos.
En X, 'josé el 🧙‍♂️🧝🏻‍♂️🏆🔮🇨🇴DARKHOLD' (@salcedorivales).
En Facebook: 'Memes SENA', que retoma la publicación original de 'Colombia La Nuestra', además de 'Mel'video', Notichisme y el aparente medio chocoano 'Periódico ElCivil. Com Oficial'.
En Instagram, por la cuenta 'pueblo._.colombiano'.
En Threads, por ETERNO VALLENATO🪗 (@eterno_vallenato).";falso;https://colombiacheck.com/chequeos/juicios-al-duelo-de-claudia-tarazona-y-sus-hijas-por-miguel-uribe-sacan-de-contexto-fotos;https://colombiacheck.com/chequeos/juicios-al-duelo-de-claudia-tarazona-y-sus-hijas-por-miguel-uribe-sacan-de-contexto-fotos;13feaeb91df5d29358e51d4bf0091656508b48dbe87fd075042bd6a7967372eb;data/html/2025-09-05/13feaeb91df5d29358e51d4bf0091656508b48dbe87fd075042bd6a7967372eb.html;2025-09-05T04:57:15.160627
Colombiacheck;;Ataques machistas a Claudia Tarazona la revictimizan con mentiras sobre la herencia de Uribe Turbay;"Falso Falso Falso Falso Falso Falso Falso Falso
Falso
Varias publicaciones machistas atacan a la abogada María Claudia Tarazona, viuda del asesinado exsenador de oposición Miguel Uribe Turbay, al señalarla de beneficiarse con la muerte del excongresista del Centro Democrático por medio de una supuesta herencia de la que dan valores falsos, pues dicen que ""le dejó una mansión de más de 10 mil millones de pesos y una pensión de más de 51 millones de pesos mensual de por vida"" (sic).
El difunto aspirante presidencial no declaró ser dueño de bienes patrimoniales, de lo que tampoco hay registro en la Superintendencia de Notariado, sino que adeudaba créditos por más de 1.000 millones de pesos. Además, en ningún escenario es posible que la familia reciba 51 millones de pesos como pensión de sobrevivientes, que sería igual a lo que gana un legislador actualmente.
La desinformación relaciona esta supuesta herencia con imágenes adjuntas sin contexto del funeral de Uribe Turbay en las que a Tarazona se le ve una sonrisa, que ya han sido usadas en su contra en otra desinformación que alienta la narrativa infundada y revictimizante de que el crimen fue un montaje para favorecer a la familia del exsenador. Los mensajes también aluden a la vida sexual y reproductiva de la mujer como parte de un juicio machista.
Las imágenes y videos que han circulado acumulan casi 3 millones de de visualizaciones en X, Instagram, Threads y Facebook, sobre todo en cuentas y páginas afines al gobierno de Gustavo Petro, incluidas las del ""creador digital"" Richard Medina (@charryhumor) y el frecuente desinformador 'frailejon' (@HelverHafc). Además, usuarios de nuestro Gato Chequeabot de WhatsApp nos pidieron verificarlas.
Una primera búsqueda de la afirmación no arroja ningún tipo de noticia que confirme la existencia de la mansión de 10.000 millones a nombre de Uribe. Entre los resultados sale una investigación de Casa Macondo que reseña que, en 1979, el narcotraficante Pablo Escobar adquirió un predio en Medellín junto con un tío del senador (que puso el equivalente a casi 700 millones de pesos actuales) y otros tres compradores, pero no se menciona ninguna relación directa con el congresista, que no había nacido.
Revisamos, por otro lado, la información de bienes y rentas de Uribe Trubay disponible por ley en el Sistema de Información y Gestión del Empleo Público (SIGEP). El documento, de septiembre del 2024, muestra que la suma del dinero en las cuentas de ahorro era de casi 22 millones de pesos.
Según esta declaración, el congresista no tenía bienes patrimoniales. Por otro lado, como deudas, declaró tres créditos que sumaban más de 1.093 millones de pesos, un poco más del 10% de lo que costaría la hipotética mansión.
Además de este documento elaborado por él mismo, Colombiacheck consultó en la Superintendencia de Notariado y Registro si existían propiedades relacionadas con el número de cédula Uribe Turbay. Allí tampoco apareció ninguna.
De acuerdo con el artículo 46 de la Ley 100, la familia de quien fallece tiene derecho a la pensión de sobrevivientes siempre que el afiliado haya cotizado por lo menos 50 semanas dentro de los tres últimos años inmediatamente anteriores a la muerte. Sobre el monto de la pensión, el artículo 48 establece que, este es un porcentaje del ingreso base de liquidación, un valor que se calcula con base en un promedio de los salarios u honorarios del difunto.
Si se han cotizado 500 semanas, se paga el 45% de ese monto. Además se agrega un 2% por cada 50 semanas adicionales de cotización, sin que sobrepase el 75% del ingreso.
Así, aunque el salario de congresista que tenía Uribe cuando lo mataron sí era de 51,5 millones de pesos, este monto se incorpora a la fórmula de la mesada de sobrevivientes, pero no define su valor por sí solo. A diferencia de lo que dice la desinformación, este resultado sería mucho menor.
Además, como también apunta Juliana Morad, directora del departamento de Derecho Laboral de la Universidad Javeriana, el Acto Legislativo 01 de 2005 reformó la Constitución para que, a partir de julio de 2010, no se pudieran reconocer más pensiones superiores a 25 salarios mínimos. Este tope hoy es equivalente a 35,5 millones de pesos.
En un escenario hipotético en el que Uribe Turbay hubiera trabajado de forma ininterrumpida desde los 18 años hasta su asesinato, habría cotizado 1.095 semanas. Si todo ese tiempo hubiera devengado los 51'511.989 pesos de su último sueldo como senador, el resultado sería una pensión de sobrevivientes de 34'513.033 pesos.
Sin embargo, no siempre fue congresista sino que tuvo otros cargos con una menor remuneración. Colombiacheck hizo una reconstrucción de su historia laboral pública con base en fuentes documentales como el programa de seguimiento Congreso Visible, de la Universidad de los Andes; el directorio del Departamento Administrativo de la Función Pública, su perfil personal y el publicado en el medio digital La Silla Vacía.
Las fuentes sobre sus ingresos se encuentran a continuación:
Con estos datos realizamos un cálculo aproximado que revisaron tanto Morad como la experta en pensiones Martha Susana Jaimes, investigadora del Institute for Women's Policy Research. Este análisis es limitado al no poder incluir información de otros contratos o de posibles cargos distintos a los públicos.
Así pues, Uribe Turbay habría cotizado al menos 535 semanas con un ingreso promedio aproximado de 21'330.142 pesos. Por tanto, si la pensión se calcula sobre estos ingresos y con las restricciones que se han advertido, sería de 45% esa base, es decir unos 9'598.564 pesos, menos de la quinta parte de lo que le endilgan en redes.
La desinformación sobre la supuesta herencia se suma así a otros ataques revictimizantes que ha recibido Tarazona con falsedades que, desde el petrismo, han intentado alimentar el negacionismo del crimen contra su esposo. En este caso, con un componente adicional de misoginia.";falso;https://colombiacheck.com/chequeos/ataques-machistas-claudia-tarazona-la-revictimizan-con-mentiras-sobre-la-herencia-de-uribe;https://colombiacheck.com/chequeos/ataques-machistas-claudia-tarazona-la-revictimizan-con-mentiras-sobre-la-herencia-de-uribe;5b33825ac84fc31c2addb60956917dafad69bc517df5eea7c7ddc8717626df90;data/html/2025-09-05/5b33825ac84fc31c2addb60956917dafad69bc517df5eea7c7ddc8717626df90.html;2025-09-05T04:57:23.185152
Colombiacheck;;Mentira sobre empleo del esposo de Agudelo, arma contra Balanta en guerra sucia por C. Constitucional;"Falso Falso Falso Falso Falso Falso Falso Falso
Falso
Un mensaje viral en la red social X afirma falsamente que ""PETRO acaba de entregarle contratos al esposo de la senadora del partido MIRA Paola Agudelo par que vote por La candidata PETRISTA"" (sic) en la actual elección para la Corte Constitucional, con base en una parte de un documento donde Andrés Rodolfo Rueda, pareja de la congresista, aparece vinculado al Fondo Único de las Tecnologías de la Información y las Comunicaciones (Futic).
El trino de la cuenta 'Misión cumplida' (@ojocolombia2026), frecuente desinformadora de derecha, tiene más de 111.200 visualizaciones y se refiere a la única mujer de la terna, María Patricia Balanta. Incluso advierte sin mayores evidencias que el mandatario ""quedará con el poder completo"" en el alto tribunal por cuenta del supuesto hecho denunciado.
Sin embargo, la publicación es falsa. La Corte Suprema abrió esta convocatoria para candidaturas a la Constitucional en junio de 2025. El documento utilizado como base de la mentira realmente corresponde a una declaración de conflictos de interés por un contrato que se ejecutó y terminó al final de 2024. No hay registros de vinculaciones más recientes de Rueda con el Gobierno que realmente sean simultáneas con este proceso de selección.
Otras publicaciones en X y Facebook también usaron esa imagen con mensajes parecidos para impulsar la misma narrativa. En la primera, uno de los usuarios que la compartió con más impacto –más de 70.000 vistas– fue el activista Santiago Alvarán (@SALVARANM), frecuente desinformador de derecha que está en campaña por el precandidato presidencial Abelardo de la Espriella y el grupo político por el que recoge firmas para inscribirse, Defensores de la Patria.
El documento asociado a Andrés Rodolfo Rueda Garzón, esposo de la primera vicepresidenta del Senado, Ana Paola Agudelo, no se refiere a un contrato actual. Es su declaración de bienes, rentas y conflictos de intereses publicada el 1 de septiembre de 2024 en el sistema de consulta ciudadana del Departamento Administrativo de la Función Pública por una vinculación que efectivamente tuvo con el Futic, unidad adscrita al Ministerio de Tecnologías de la Información y las Comunicaciones.
Según el Sistema Electrónico de Contratación Pública (Secop), la ejecución empezó a mediados de ese mes y terminó el 31 de diciembre. La pareja de la congresista recibió unos 7,7 millones de pesos mensuales por por prestación de servicios profesionales a la Oficina de Fomento Regional ""como apoyo en la implementación de las estrategias de conectividad para promover y fomentar la gestión de políticas, proyectos, planes, programas y estrategias orientadas al desarrollo, masificación y acceso a internet"".
Rueda, que también trabajó para Migración Colombia en el gobierno derechista de Iván Duque (2018-2022) y para Planeación Nacional en el actual, no registra ninguna vinculación más reciente con el Estado. De hecho, como también constataron nuestros colegas de La Silla Vacía, actualmente no aparece en el directorio del Sistema de Información y Gestión del Empleo Público (Sigep), que administra Función Pública.
Por tanto, es falso que Petro ""acaba de entregarle"" el contrato en cuestión para que Agudelo vote por Balanta en septiembre de 2025. Incluso en marzo, ya meses después de ese trabajo de su esposo, la senadora se quejó públicamente por ataques que recibió del presidente, en medio del debate sobre la reforma laboral del gobierno a la que se opusieron ella y su partido, declarado oficialmente en independencia.
Contrario a la narrativa viral, el contrato en cuestión no guarda ninguna relación con las fechas para la escogencia de la persona que reemplazará al magistrado constitucional José Fernando Reyes, quien terminará su periodo en septiembre. Además, el Gobierno no tuvo participación directa en esta selección.
El proceso arrancó con la convocatoria pública 02-2025, abierta por la Corte Suprema de Justicia el 8 de junio, en la que se recibieron 68 postulaciones. Tras la evaluación de requisitos, entrevistas y filtros, la terna quedó conformada el 14 de agosto por Patricia Balanta Medina, Carlos Camargo Assis y Jaime Humberto Tobar.
Es decir que todo esto fue entre cinco y siete meses después de terminado el trabajo de Rueda para el Futic y que las candidaturas que estudia el Senado fueron definidas en la Rama Judicial. Aunque la Presidencia sí está a cargo de postular personas para otras sillas de la Corte Constitucional, este no es el caso en la del saliente Reyes y, por tanto, Petro no fue quien propuso a Balanta ni a los demás.
El Senado, conforme a la Constitución (art. 239) y la Ley 5 de 1992, tiene la facultad de elegir a los magistrados de este alto tribunal a partir de las ternas presentadas, según el caso, por la Corte Suprema, el Presidente o el Consejo de Estado. Esta vez, la votación se realizará este miércoles, 3 de septiembre.
Hasta ahora, según análisis de medios de comunicación, está dividido en empate a 52 votos entre Balanta y Camargo. El exdefensor del pueblo, cuestionado por clientelismo y familiar de políticos conservadores de Córdoba, es el candidato de la derecha.
La actual magistrada y expresidenta del Tribunal Superior de Buga acumula 45 años de experiencia judicial y recientemente ha negado cualquier vínculo con el gobierno. No obstante, cuenta con el respaldo de la bancada oficialista, la gobernadora del Valle del Cauca y baronesa del Partido de la U, Dilian Francisca Toro, y sectores de Cambio Radical y Alianza Verde.
Según el artículo 241 de la Constitución Política, la Corte Constitucional es un órgano autónomo e independiente, cuya función es guardar la integridad y supremacía de la Constitución, no actuar bajo directrices del Ejecutivo. Está compuesta por nueve magistrados elegidos para períodos individuales de ocho años de ternas, como ya se dijo, presentadas por instituciones distintas.
Solo tres asientos corresponden a postulaciones provenientes de la Presidencia. Dos de estos han sido puestos por Petro a consideración del Senado: su exsecretario jurídico Vladimir Fernández y su exabogado Héctor Carvajal. La tercera, Paola Meneses, fue postulada por el gobierno de su amigo Iván Duque, en el que trabajó, y su periodo va hasta 2029, bajo la próxima administración.
Un análisis de La Silla Vacía mostró que al menos seis integrantes del tribunal hasta finales de mayo, cuando se publicó la nota, votaban de forma variable con respecto a los proyectos y políticas del petrismo; es decir, a veces a favor y a veces en contra, por lo que no había bloques definidos. Sumados al único opositor casi seguro (su actual presidente, Jorge Ibáñez), podían hacer mayorías contrarias.
Desde entonces, el único cambio ha sido justamente la entrada de Carvajal. En consecuencia, las cuentas no le darían el alegado ""poder completo"" al mandatario, incluso si Balanta resultara electa y fuera de su bolsillo.
Así, la desinformación sobre el contrato de Rueda es parte de una guerra sucia de derecha contra la ternada. Lo que busca es tratar de darle peso a esa narrativa sobre el supuesto control de la Corte por parte del gobierno Petro, una amenaza sin bases sólidas en la configuración del ente judicial.
X:
Misión cumplida (@ojocolombia2026), cuenta propagandista desinformadora de derecha.
Santiago Alvarán (@SALVARANM), activista a quien también hemos desmentido antes.
'DESTRUCTOR II De Mamertos' (@waldoalarconho1), otro frecuente desinformador de derecha.
Facebook:
Grupo 'Gente Uribista y de Derecha'.";falso;https://colombiacheck.com/chequeos/mentira-sobre-empleo-del-esposo-de-agudelo-arma-contra-balanta-en-guerra-sucia-por-c;https://colombiacheck.com/chequeos/mentira-sobre-empleo-del-esposo-de-agudelo-arma-contra-balanta-en-guerra-sucia-por-c;dd3f818bb5697e1228c0b53d6d19d55c24b28a52d39550bac5a0dea66ca6f144;data/html/2025-09-05/dd3f818bb5697e1228c0b53d6d19d55c24b28a52d39550bac5a0dea66ca6f144.html;2025-09-05T04:57:24.252428
Colombiacheck;;Montaje de video que muestra una captura ficticia de Maduro habría sido creado con IA;"Falso Falso Falso Falso Falso Falso Falso Falso
Falso
Un video manipulado muestra al gobernante de Venezuela, Nicolás Maduro, supuestamente siendo detenido por dos militares y luego subido a un avión.
El montaje circula en redes sociales con el mensaje: ""Por fin!!! Capturado"" (sic).
El contenido es falso. Maduro no ha sido capturado y la grabación fue manipulada digitalmente, al parecer, con inteligencia artificial (IA).
La desinformación se difundió después de que el Gobierno de Estados Unidos acusó al mandatario venezolano de liderar el 'Cartel de los Soles', una red de tráfico de drogas que involucra a políticos y militares del país suramericano, y aumentó a 50 millones de dólares la recompensa por información que conduzca a su captura.
El video, de 13 segundos, fue publicado el 21 de agosto en Facebook por la creadora digital Daniela Michelson, cuyo contenido es principalmente de memes. A la fecha supera los 4 millones de reproducciones y tiene 19.000 reacciones. También fue difundido por el canal de YouTube 'El mermas' (@luzadrianaguevara1295), que publica contenido de entretenimiento.
Una búsqueda en Google con las palabras clave ""capturan a Nicolás Maduro"" o ""detención de Nicolás Maduro"" no arrojó reportes de medios internacionales que confirmen su captura. Además, después del 21 de agosto, Maduro ha aparecido en eventos públicos en Venezuela (1, 2, 3).
Las imágenes que muestran al mandatario sentado al lado de dos banderas, una de Venezuela y otra blanca, corresponden a una reunión del 11 de marzo de 2025 en el Ministerio del Poder Popular de Economía y Finanzas. A este video se le agregaron digitalmente los dos militares que lo detienen, porque no aparecen en la grabación original.
Así mismo, la imagen de Maduro de pie en la puerta de un avión corresponde al jet privado en el que realizaba viajes internacionales y que fue confiscado por Estados Unidos en República Dominicana y trasladado a Fort Lauderdale en 2024, como se puede ver en esta nota de Telemundo 51. Al video también le agregaron digitalmente los militares que lo suben a la aeronave.
Al analizar el video, encontramos algunos indicios de que una parte pudo haber sido generada con inteligencia artificial. Por ejemplo, cuando los militares levantan de la silla a Maduro, en algunos fragmentos la mano de uno de ellos se ve difuminada o más pequeña.
Luego, cuando le dan la vuelta a Maduro para subirlo al avión, el militar del lado izquierdo parece que estuviera en el aire porque su posición no se corresponde con la elevación de la puerta del avión. Además, la cara de Maduro se ve distinta, más redonda.
Como una parte del video usa imágenes reales, revisamos los fotogramas en los que Maduro es capturado con Hive Moderation y WasItAi, herramientas para detectar contenido generado con inteligencia artificial. Ambas coincidieron en que es probable que las imágenes hayan sido creadas con esta tecnología.
Algunos videos también pueden ser manipulados con aplicaciones de edición como Adobe After Effects como lo hicieron con este de Donald Trump supuestamente bailando en el techo de la Casa Blanca.
En Colombiacheck verificamos recientemente una imagen falsa de Maduro siendo apresado por militares de Estados Unidos. Igualmente, nuestros colegas de La Silla Vacía, Fast Check y El Sabueso de Animal Político también han desmentido desinformaciones similares.";falso;https://colombiacheck.com/chequeos/montaje-de-video-que-muestra-una-captura-ficticia-de-maduro-habria-sido-creado-con-ia;https://colombiacheck.com/chequeos/montaje-de-video-que-muestra-una-captura-ficticia-de-maduro-habria-sido-creado-con-ia;cd37d28bac823e0a6b4ff04059d91945255d718773b9fd07ec2722fcc898f4bd;data/html/2025-09-05/cd37d28bac823e0a6b4ff04059d91945255d718773b9fd07ec2722fcc898f4bd.html;2025-09-05T04:57:27.523814
Colombiacheck;;Pelea ficticia entre Petro y Jorge Alfredo Vargas fue creada con IA;"Falso Falso Falso Falso Falso Falso Falso Falso
Falso
A través de nuestro Gato Chequeabot, nos pidieron verificar un video que afirma falsamente que el presidente Gustavo Petro fue expulsado de un programa llamado 'Vive Bogotá' tras un acalorado enfrentamiento con el periodista Jorge Alfredo Vargas.
No hay registros de que esta situación haya ocurrido. El audiovisual fue creado por un canal de YouTube que difunde historias ficticias y que incluso lo advierte al inicio. Además, no existe registro de ningún espacio con ese nombre donde trabaje el reconocido presentador.
El video fue difundido el 26 de agosto en Facebook por el influenciador de derecha Mauricio Martínez Triana, 'Mauricio MatriOficial', quien fue candidato a la Asamblea de Santander por el partido opositor Centro Democrático y es un desinformador frecuente (1, 2, 3, 4). La publicación supera las 8.000 reacciones y tiene 351.000 reproducciones.
En el video, aseguran que ""es una historia real que sacudió a los medios colombianos"". Sin embargo, una búsqueda en Google con las palabras clave ""Gustavo Petro es expulsado de Vive Bogotá"", no arrojó ninguna publicación de la supuesta noticia.
También afirman que el supuesto espacio televisivo es el programa matutino más visto en la capital del país, pero no hay evidencia de su existencia ni de que allí trabaje Vargas. Actualmente, el periodista es presentador de Noticias Caracol y director de Voz Populi de Blu Radio y Voz Populi Te Ve de Caracol Televisión, con audiencia nacional.
El video, que tiene unas fotos fijas de Vargas y Petro, fue publicado inicialmente el 21 de agosto por el canal de YouTube 'Historias Cautivantes', que advierte que ""esta historia es completamente ficticia y ha sido creada con fines de entretenimiento y reflexión"". No obstante, en los comentarios algunas personas creen que es real.
El canal tiene otros contenidos similares con imágenes del presidente y narraciones de supuestos hechos protagonizados con periodistas, mandatarios de otros países y guerrilleros. En la descripción dice que es ""un canal dedicado a compartir relatos de ficción"" y advierte que el contenido es ""alterado o sintético"", es decir, que el sonido y las imágenes han sido editados digitalmente o generados con IA.
Al analizar un fragmento del audio del video con el detector de clonación de voz de la herramienta InVID – WeVerify, arrojó una probabilidad del 99% de haber sido generado con inteligencia artificial.
En Colombiacheck hemos verificado otras desinformaciones similares con audios e imágenes generadas con IA, como falsas entrevistas a Petro y al exfutbolista Carlos 'Pibe' Valderrama o supuestos mensajes del papa León XIV.";falso;https://colombiacheck.com/chequeos/pelea-ficticia-entre-petro-y-jorge-alfredo-vargas-fue-creada-con-ia;https://colombiacheck.com/chequeos/pelea-ficticia-entre-petro-y-jorge-alfredo-vargas-fue-creada-con-ia;0ba76b4da72dfd09141a99e70da276c4e3de9812c3cad709a58dcb904d40deb2;data/html/2025-09-05/0ba76b4da72dfd09141a99e70da276c4e3de9812c3cad709a58dcb904d40deb2.html;2025-09-05T04:57:30.711520
Colombiacheck;;Imagen de Maduro arrestado, creada con IA, circula en medio de tensiones entre Venezuela y EE. UU.;"Falso Falso Falso Falso Falso Falso Falso Falso
Falso
A nuestro Gato Chequeabot nos llegó una imagen falsa del gobernante de Venezuela, Nicolás Maduro, llorando y apresado por militares, que circula mientras Estados Unidos despliega navíos y tropas en el Caribe para combatir el narcotráfico, con el que relaciona al mandatario venezolano.
La aparente foto en realidad fue creada con inteligencia artificial (IA), según pudimos corroborar por los indicios de esta tecnología en los detalles del mismo contenido, los resultados de detectores especializados y la marca de agua perteneciente a Grok, el modelo de lenguaje desarrollado por X. Además, tampoco hay evidencia en Google que la respalde.
Maduro ha sido acusado por la administración de Donald Trump de liderar el Cartel de los Soles, una red de tráfico de drogas que involucra a militares y políticos del país suramericano, y la Casa Blanca lo cataloga de ""líder fugitivo de un cartel narcoterrorista"". En respuesta, el régimen venezolano ha anunciado el despliegue de milicianos ante un posible ""asedio"".
Al revisar la imagen, observamos en la esquina, solapada por un texto, una marca de agua del chatbot de inteligencia artificial de X, Grok, a través del cual se pueden generar este tipo de archivos. Con esta plataforma han sido fabricadas otros montajes que ya hemos verificado (1, 2).
También identificamos elementos extraños en la imagen que evidencian el uso de esta tecnología: los dedos de la mano izquierda de Maduro aparecen fusionados, falta la cadena que debería unir las esposas, la mano que sostiene su brazo presenta deformidades y la insignia en la gorra de los militares se muestra distinta o con formas abstractas en cada caso.
Los uniformes de los soldados sí se parecen a los del Ejército de Estados Unidos.
Las herramientas de detección de IA Hive Moderation y WasItAi, coincidieron en que la publicación fue creada con inteligencia artificial.
De igual manera, hicimos una búsqueda inversa con Google Lens de la fotografía, pero no nos apareció ninguna noticia o reseña que confirmaran su veracidad. Además, en las últimas semanas, Maduro ha aparecido en eventos públicos en Venezuela (1, 2, 3).
Todos estos resultados, más el análisis contextual mencionado, nos permiten concluir que en efecto se trata una imagen generada con IA y que aprovecha la tensión actual entre Venezuela y Estados Unidos.
En Facebook:";falso;https://colombiacheck.com/chequeos/imagen-de-maduro-arrestado-creada-con-ia-circula-en-medio-de-tensiones-entre-venezuela-y;https://colombiacheck.com/chequeos/imagen-de-maduro-arrestado-creada-con-ia-circula-en-medio-de-tensiones-entre-venezuela-y;03d68706bdfb403cd1112c54395455e718bf0c7ea28a085de3b8faf4a4a39682;data/html/2025-09-05/03d68706bdfb403cd1112c54395455e718bf0c7ea28a085de3b8faf4a4a39682.html;2025-09-05T04:57:32.521278
Colombiacheck;;Una IA habría creado este montaje de Álvaro Uribe Vélez en la tumba de Miguel Uribe Turbay;"Falso Falso Falso Falso Falso Falso Falso Falso
Falso
Un montaje que circula en redes muestra al expresidente Álvaro Uribe arrodillado, envuelto en una bandera de Colombia y con un ramo de rosas blancas en la mano, frente a la tumba del asesinado exsenador Miguel Uribe Turbay, quien era precandidato presidencial del partido Centro Democrático, fundado por el exmandatario.
La imagen presenta señales de haber sido generada con inteligencia artificial (IA). Entre los indicios están los textos ilegibles o mal escritos en la lápida y detalles difusos en las manos, características comunes en imágenes creadas por esa tecnología.
Aunque es cierto que Uribe Vélez sí estuvo en la tumba de Turbay, esto ocurrió dos días después de que circularon las primeras publicaciones con la manipulación. La imagen original de la visita no corresponde a la que se viralizó.
Una de las desinformaciones con esta imagen con más alcance fue hecha en Facebook por el usuario Héctor Julio Ramírez Sierra el 21 de agosto. Allí acumuló más de 879.000 visualizaciones, 15.000 reacciones, 3.300 compartidos y 2.600 comentarios hasta la fecha.
Además, medios de comunicación como la emisora Guarne Estéreo 88.1 FM y la página Noticias Cartagena en Facebook la dieron por cierta. El portal Meridiano Regional incluso la usó en una nota sobre la precandidatura presidencial de Miguel Uribe Londoño, exdirector del Centro Democrático y padre del asesinado excongresista, en relevo de su hijo.
Como primer paso para verificar, realizamos una búsqueda inversa en Google Lens que arrojó coincidencias con fotografías auténticas de la tumba de Miguel Uribe Turbay, pero en ninguna aparece el expresidente Álvaro Uribe.
Por ejemplo, en un trino de Humberto Rafael 'Papo' Amín, concejal de Bogotá por el Centro Democrático, se observa el mismo encuadre de la tumba, decorada con las mismas rosas blancas que aparecen en la imagen viral. Esta misma fotografía también se encuentra en una publicación de la página de Facebook 'Sur Noticias PC', lo que indica que el fondo corresponde a una imagen real previamente difundida.
Al comparar la imagen viral con fotografías auténticas, encontramos varios indicios que sugieren que fue generada o alterada con inteligencia artificial:
También analizamos la fotografía con herramientas especializadas como WasItAI, Hive Moderation y SightEngine. Todas coincidieron en que existe una baja probabilidad de que la imagen fuera generada por inteligencia artificial. No obstante, como hemos explicado en otros chequeos, estas herramientas no ofrecen certeza absoluta, sino estimaciones basadas en factores como la calidad y características del archivo.
Aun así, los indicios visuales detectados (como el nombre mal escrito, las anomalías en la mano y la fecha errónea) permiten concluir que se trata de un montaje y que es altamente probable que se haya creado o alterado con IA.
Realizamos una búsqueda en la web con la frase ""Álvaro Uribe visita la tumba de Miguel Uribe"", lo que nos llevó a una nota publicada por Semana el 23 de agosto. En esta, el medio informó que el expresidente visitó la sepultura del exsenador.
Según el artículo, esta fue la primera visita del exmandatario después de haber sido liberado de prisión domiciliaria para esperar el resultado de la apelación que su defensa presentó contra la condena que se le impuso en primera instancia por soborno de testigos en actuación penal y fraude procesal, con una pena de 12 años. Sin embargo, la fecha confirma que la desinformación comenzó a circular al menos dos días antes de la visita real.
Al comparar las imágenes, se observan diferencias claras:
Esta desinformación circuló en medio del impacto nacional por el asesinato del senador Miguel Uribe Turbay —hecho que, además, generó otras desinformaciones que verificamos— y en un contexto de expectativa por la liberación del expresidente Álvaro Uribe tras la apelación a su condena.";verdadero;https://colombiacheck.com/chequeos/una-ia-habria-creado-este-montaje-de-alvaro-uribe-velez-en-la-tumba-de-miguel-uribe-turbay;https://colombiacheck.com/chequeos/una-ia-habria-creado-este-montaje-de-alvaro-uribe-velez-en-la-tumba-de-miguel-uribe-turbay;010c8815731f5435bc11a132d4fb53e1943ce5c15d4805204f5c0a8a9fbbe894;data/html/2025-09-05/010c8815731f5435bc11a132d4fb53e1943ce5c15d4805204f5c0a8a9fbbe894.html;2025-09-05T04:57:25.084608
Colombiacheck;;Video de Uribe abucheado en Uniagustiniana es viejo y no después de salir de su casa por cárcel;"Cuestionable Cuestionable Cuestionable Cuestionable Cuestionable Cuestionable Cuestionable Cuestionable
Cuestionable
Cuentas principalmente afines al gobierno de Gustavo Petro están haciendo pasar como reciente un video viejo del expresidente Álvaro Uribe siendo abucheado por estudiantes de la Universidad Agustiniana, en Bogotá, durante un evento. 
Estas publicaciones son cuestionables. El hecho sucedió en abril de 2024 cuando el fundador del partido opositor Centro Democrático participó en un conversatorio. Por lo tanto, no es actual, como sugieren al sacarlo de contexto.
La desinformación circula ahora porque Uribe se encuentra libre luego de haber sido condenado a finales de julio a 12 años de prisión domiciliaria por fraude procesal y soborno a testigos. Aunque alcanzó a estar privado de la libertad, el Tribunal Superior de Bogotá ordenó su salida inmediata mientras resuelve la apelación de su sentencia en segunda instancia.
La tergiversación sobre su abucheo acumula al menos 200.000 visualizaciones en X, Instagram y Facebook. Otras desinformaciones han hecho uso de videos similares, tales como la vez le insultaron en un evento en la universidad de Los Andes, en Bogotá; Universidad Icesi, en Cali; en un centro comercial de Cartagena, entre otros.
La grabación, en la mayoría de los casos, lleva el logo del medio Publimetro. En una búsqueda inversa con Google Lens hallamos la publicación original en el perfil de Instagram de ese medio el 16 de abril de 2024. En su post no ofrece mayor contexto del suceso. 
 
A post shared by Publimetro Colombia (@publimetrocol)
Otras noticias del momento especifican que las arengas ocurrieron mientras el expresidente participaba el 15 de abril de ese año en un diálogo sobre la paz en Colombia, bajo el título ""La paz en Colombia: un compromiso de todos, un compromiso de nadie"" (1, 2).
Esta información también la confirmamos en la invitación difundida por la universidad en su cuenta en X:
 
🗣️ Llega a la Uniagustiniana un nuevo encuentro de Humanidades en la Academia. Esta vez nos acompañará el expresidente @AlvaroUribeVel en el #CampusTagaste. ¡Agéndate con nosotros! pic.twitter.com/E42QtiuIrc
Uribe se refirió ese día al incidente, asegurando que quienes lo insultaron se salieron del auditorio y agradeció a ""a los muchos que se quedaron, permitieron la discusión"". 
 
Gracias Universidad Agustiniana. Sur de Bogotá. Unos pocos me insultaron, se salieron. Gracias a los muchos que se quedaron, permitieron la discusión. pic.twitter.com/vD2SQlWL0s
Esta fue una de las 17 visitas que hizo el exfuncionario a universidades del país desde 2018, cuando la Corte Suprema de Justicia encontró indicios para investigarlo por soborno en actuación penal y fraude procesal, hasta mediados del año pasado, según una investigación de Cuestión Pública. 
Con base en los elementos citados, concluimos que son cuestionables las publicaciones que están haciendo pasar como actual el video del expresidente Uribe siendo amedrentado en Uniagustiniana, pues esto ocurrió en 2024. 
En X: 
En Facebook:";dudoso;https://colombiacheck.com/chequeos/video-de-uribe-abucheado-en-uniagustiniana-es-viejo-y-no-despues-de-salir-de-su-casa-por;https://colombiacheck.com/chequeos/video-de-uribe-abucheado-en-uniagustiniana-es-viejo-y-no-despues-de-salir-de-su-casa-por;3d9c48a0928e37a81133661b48408c0749c0c50ff6a432df12b8a0933c9402fa;data/html/2025-09-05/3d9c48a0928e37a81133661b48408c0749c0c50ff6a432df12b8a0933c9402fa.html;2025-09-05T04:57:30.248528
